symbol,concept_code,concept_name,source,updated_at
000001,bk1071,跨境支付,akshare-eastmoney,2026-07-28
000008,bk1022,职业教育,akshare-eastmoney,2026-07-28
000017,bk0825,新零售,akshare-eastmoney,2026-07-28
000019,bk1025,预制菜概念,akshare-eastmoney,2026-07-28
000028,bk1147,SPD概念,akshare-eastmoney,2026-07-28
000031,bk1186,首发经济,akshare-eastmoney,2026-07-28
000061,bk0825,新零售,akshare-eastmoney,2026-07-28
000066,bk1047,数据安全,akshare-eastmoney,2026-07-28
000156,bk0886,智慧政务,akshare-eastmoney,2026-07-28
000411,bk1147,SPD概念,akshare-eastmoney,2026-07-28
000417,bk0825,新零售,akshare-eastmoney,2026-07-28
000417,bk0933,退税商店,akshare-eastmoney,2026-07-28
000417,bk1025,预制菜概念,akshare-eastmoney,2026-07-28
000417,bk1186,首发经济,akshare-eastmoney,2026-07-28
000419,bk0825,新零售,akshare-eastmoney,2026-07-28
000428,bk0815,昨日涨停,akshare-eastmoney,2026-07-28
000428,bk1025,预制菜概念,akshare-eastmoney,2026-07-28
000428,bk1630,昨日首板,akshare-eastmoney,2026-07-28
000429,bk1674,近期新高,akshare-eastmoney,2026-07-28
000429,bk1675,历史新高,akshare-eastmoney,2026-07-28
000501,bk0825,新零售,akshare-eastmoney,2026-07-28
000501,bk0896,白酒,akshare-eastmoney,2026-07-28
000501,bk1186,首发经济,akshare-eastmoney,2026-07-28
000503,bk1054,DRG/DIP,akshare-eastmoney,2026-07-28
000503,bk1147,SPD概念,akshare-eastmoney,2026-07-28
000505,bk0825,新零售,akshare-eastmoney,2026-07-28
000516,bk0706,人脑工程,akshare-eastmoney,2026-07-28
000523,bk0825,新零售,akshare-eastmoney,2026-07-28
000523,bk1073,啤酒概念,akshare-eastmoney,2026-07-28
000524,bk0825,新零售,akshare-eastmoney,2026-07-28
000524,bk1025,预制菜概念,akshare-eastmoney,2026-07-28
000526,bk1022,职业教育,akshare-eastmoney,2026-07-28
000529,bk1025,预制菜概念,akshare-eastmoney,2026-07-28
000533,bk0815,昨日涨停,akshare-eastmoney,2026-07-28
000533,bk1051,昨日连板_含一字,akshare-eastmoney,2026-07-28
000547,bk1047,数据安全,akshare-eastmoney,2026-07-28
000555,bk0883,数字货币,akshare-eastmoney,2026-07-28
000555,bk1071,跨境支付,akshare-eastmoney,2026-07-28
000555,bk1176,财税数字化,akshare-eastmoney,2026-07-28
000558,bk1186,首发经济,akshare-eastmoney,2026-07-28
000564,bk0825,新零售,akshare-eastmoney,2026-07-28
000564,bk1025,预制菜概念,akshare-eastmoney,2026-07-28
000566,bk0706,人脑工程,akshare-eastmoney,2026-07-28
000566,bk0815,昨日涨停,akshare-eastmoney,2026-07-28
000568,bk0477,酿酒概念,akshare-eastmoney,2026-07-28
000568,bk0896,白酒,akshare-eastmoney,2026-07-28
000596,bk0477,酿酒概念,akshare-eastmoney,2026-07-28
000596,bk0896,白酒,akshare-eastmoney,2026-07-28
000607,bk1022,职业教育,akshare-eastmoney,2026-07-28
000607,bk1118,数据确权,akshare-eastmoney,2026-07-28
000617,bk0883,数字货币,akshare-eastmoney,2026-07-28
000617,bk1071,跨境支付,akshare-eastmoney,2026-07-28
000620,bk1151,短剧互动游戏,akshare-eastmoney,2026-07-28
000636,bk0815,昨日涨停,akshare-eastmoney,2026-07-28
000636,bk1630,昨日首板,akshare-eastmoney,2026-07-28
000639,bk0825,新零售,akshare-eastmoney,2026-07-28
000650,bk0706,人脑工程,akshare-eastmoney,2026-07-28
000651,bk0825,新零售,akshare-eastmoney,2026-07-28
000651,bk1022,职业教育,akshare-eastmoney,2026-07-28
000676,bk0815,昨日涨停,akshare-eastmoney,2026-07-28
000676,bk0883,数字货币,akshare-eastmoney,2026-07-28
000676,bk0957,拼多多概念,akshare-eastmoney,2026-07-28
000676,bk1110,Web3.0,akshare-eastmoney,2026-07-28
000676,bk1630,昨日首板,akshare-eastmoney,2026-07-28
000679,bk0825,新零售,akshare-eastmoney,2026-07-28
000681,bk0825,新零售,akshare-eastmoney,2026-07-28
000681,bk1118,数据确权,akshare-eastmoney,2026-07-28
000681,bk1129,数字水印,akshare-eastmoney,2026-07-28
000681,bk1172,AI语料,akshare-eastmoney,2026-07-28
000701,bk0982,电子车牌,akshare-eastmoney,2026-07-28
000705,bk1147,SPD概念,akshare-eastmoney,2026-07-28
000719,bk1022,职业教育,akshare-eastmoney,2026-07-28
000719,bk1172,AI语料,akshare-eastmoney,2026-07-28
000721,bk1022,职业教育,akshare-eastmoney,2026-07-28
000721,bk1025,预制菜概念,akshare-eastmoney,2026-07-28
000723,bk1186,首发经济,akshare-eastmoney,2026-07-28
000725,bk0825,新零售,akshare-eastmoney,2026-07-28
000726,bk0825,新零售,akshare-eastmoney,2026-07-28
000729,bk0477,酿酒概念,akshare-eastmoney,2026-07-28
000729,bk1073,啤酒概念,akshare-eastmoney,2026-07-28
000735,bk1022,职业教育,akshare-eastmoney,2026-07-28
000752,bk0477,酿酒概念,akshare-eastmoney,2026-07-28
000752,bk1073,啤酒概念,akshare-eastmoney,2026-07-28
000756,bk0825,新零售,akshare-eastmoney,2026-07-28
000759,bk0825,新零售,akshare-eastmoney,2026-07-28
000785,bk0825,新零售,akshare-eastmoney,2026-07-28
000793,bk1022,职业教育,akshare-eastmoney,2026-07-28
000796,bk1071,跨境支付,akshare-eastmoney,2026-07-28
000798,bk0967,水产概念,akshare-eastmoney,2026-07-28
000798,bk1025,预制菜概念,akshare-eastmoney,2026-07-28
000799,bk0477,酿酒概念,akshare-eastmoney,2026-07-28
000799,bk0896,白酒,akshare-eastmoney,2026-07-28
000810,bk1110,Web3.0,akshare-eastmoney,2026-07-28
000810,bk1151,短剧互动游戏,akshare-eastmoney,2026-07-28
000812,bk1022,职业教育,akshare-eastmoney,2026-07-28
000829,bk0957,拼多多概念,akshare-eastmoney,2026-07-28
000839,bk1172,AI语料,akshare-eastmoney,2026-07-28
000848,bk0825,新零售,akshare-eastmoney,2026-07-28
000858,bk0477,酿酒概念,akshare-eastmoney,2026-07-28
000858,bk0825,新零售,akshare-eastmoney,2026-07-28
000858,bk0896,白酒,akshare-eastmoney,2026-07-28
000860,bk0477,酿酒概念,akshare-eastmoney,2026-07-28
000860,bk0896,白酒,akshare-eastmoney,2026-07-28
000862,bk0815,昨日涨停,akshare-eastmoney,2026-07-28
000869,bk0477,酿酒概念,akshare-eastmoney,2026-07-28
000882,bk0825,新零售,akshare-eastmoney,2026-07-28
000888,bk0886,智慧政务,akshare-eastmoney,2026-07-28
000889,bk0883,数字货币,akshare-eastmoney,2026-07-28
000892,bk1151,短剧互动游戏,akshare-eastmoney,2026-07-28
000895,bk0825,新零售,akshare-eastmoney,2026-07-28
000895,bk1025,预制菜概念,akshare-eastmoney,2026-07-28
000909,bk0815,昨日涨停,akshare-eastmoney,2026-07-28
000909,bk0875,ETC,akshare-eastmoney,2026-07-28
000909,bk1630,昨日首板,akshare-eastmoney,2026-07-28
000917,bk1151,短剧互动游戏,akshare-eastmoney,2026-07-28
000925,bk1118,数据确权,akshare-eastmoney,2026-07-28
000925,bk1129,数字水印,akshare-eastmoney,2026-07-28
000929,bk0477,酿酒概念,akshare-eastmoney,2026-07-28
000929,bk1073,啤酒概念,akshare-eastmoney,2026-07-28
000930,bk0896,白酒,akshare-eastmoney,2026-07-28
000948,bk0875,ETC,akshare-eastmoney,2026-07-28
000948,bk0883,数字货币,akshare-eastmoney,2026-07-28
000948,bk0886,智慧政务,akshare-eastmoney,2026-07-28
000948,bk1047,数据安全,akshare-eastmoney,2026-07-28
000948,bk1071,跨境支付,akshare-eastmoney,2026-07-28
000948,bk1075,电子身份证,akshare-eastmoney,2026-07-28
000948,bk1176,财税数字化,akshare-eastmoney,2026-07-28
000950,bk1073,啤酒概念,akshare-eastmoney,2026-07-28
000950,bk1147,SPD概念,akshare-eastmoney,2026-07-28
000993,bk1073,啤酒概念,akshare-eastmoney,2026-07-28
000995,bk0477,酿酒概念,akshare-eastmoney,2026-07-28
000995,bk0896,白酒,akshare-eastmoney,2026-07-28
000997,bk0875,ETC,akshare-eastmoney,2026-07-28
000997,bk0883,数字货币,akshare-eastmoney,2026-07-28
000997,bk1071,跨境支付,akshare-eastmoney,2026-07-28
000997,bk1075,电子身份证,akshare-eastmoney,2026-07-28
001211,bk1025,预制菜概念,akshare-eastmoney,2026-07-28
001215,bk1025,预制菜概念,akshare-eastmoney,2026-07-28
001219,bk0825,新零售,akshare-eastmoney,2026-07-28
001219,bk0892,乳业,akshare-eastmoney,2026-07-28
001222,bk0825,新零售,akshare-eastmoney,2026-07-28
001223,bk0815,昨日涨停,akshare-eastmoney,2026-07-28
001223,bk1630,昨日首板,akshare-eastmoney,2026-07-28
001248,bk0815,昨日涨停,akshare-eastmoney,2026-07-28
001248,bk1630,昨日首板,akshare-eastmoney,2026-07-28
001258,bk0815,昨日涨停,akshare-eastmoney,2026-07-28
001258,bk1674,近期新高,akshare-eastmoney,2026-07-28
001267,bk0815,昨日涨停,akshare-eastmoney,2026-07-28
001267,bk1630,昨日首板,akshare-eastmoney,2026-07-28
001313,bk0967,水产概念,akshare-eastmoney,2026-07-28
001313,bk1025,预制菜概念,akshare-eastmoney,2026-07-28
001317,bk0815,昨日涨停,akshare-eastmoney,2026-07-28
001317,bk1630,昨日首板,akshare-eastmoney,2026-07-28
001318,bk0892,乳业,akshare-eastmoney,2026-07-28
001328,bk0815,昨日涨停,akshare-eastmoney,2026-07-28
001328,bk1630,昨日首板,akshare-eastmoney,2026-07-28
001330,bk1151,短剧互动游戏,akshare-eastmoney,2026-07-28
001338,bk1073,啤酒概念,akshare-eastmoney,2026-07-28
001358,bk0815,昨日涨停,akshare-eastmoney,2026-07-28
001358,bk1630,昨日首板,akshare-eastmoney,2026-07-28
001388,bk1075,电子身份证,akshare-eastmoney,2026-07-28
002003,bk1674,近期新高,akshare-eastmoney,2026-07-28
002017,bk0883,数字货币,akshare-eastmoney,2026-07-28
002017,bk1047,数据安全,akshare-eastmoney,2026-07-28
002023,bk1022,职业教育,akshare-eastmoney,2026-07-28
002024,bk0825,新零售,akshare-eastmoney,2026-07-28
002029,bk0815,昨日涨停,akshare-eastmoney,2026-07-28
002029,bk1630,昨日首板,akshare-eastmoney,2026-07-28
002035,bk0825,新零售,akshare-eastmoney,2026-07-28
002042,bk1022,职业教育,akshare-eastmoney,2026-07-28
002045,bk1110,Web3.0,akshare-eastmoney,2026-07-28
002049,bk0875,ETC,akshare-eastmoney,2026-07-28
002049,bk0883,数字货币,akshare-eastmoney,2026-07-28
002051,bk0815,昨日涨停,akshare-eastmoney,2026-07-28
002051,bk1630,昨日首板,akshare-eastmoney,2026-07-28
002063,bk1176,财税数字化,akshare-eastmoney,2026-07-28
002065,bk0886,智慧政务,akshare-eastmoney,2026-07-28
002065,bk1054,DRG/DIP,akshare-eastmoney,2026-07-28
002065,bk1071,跨境支付,akshare-eastmoney,2026-07-28
002069,bk0967,水产概念,akshare-eastmoney,2026-07-28
002069,bk1025,预制菜概念,akshare-eastmoney,2026-07-28
002080,bk0815,昨日涨停,akshare-eastmoney,2026-07-28
002080,bk1630,昨日首板,akshare-eastmoney,2026-07-28
002086,bk0967,水产概念,akshare-eastmoney,2026-07-28
002086,bk1025,预制菜概念,akshare-eastmoney,2026-07-28
002090,bk0886,智慧政务,akshare-eastmoney,2026-07-28
002093,bk1022,职业教育,akshare-eastmoney,2026-07-28
002094,bk0825,新零售,akshare-eastmoney,2026-07-28
002098,bk1071,跨境支付,akshare-eastmoney,2026-07-28
002100,bk1025,预制菜概念,akshare-eastmoney,2026-07-28
002103,bk0825,新零售,akshare-eastmoney,2026-07-28
002103,bk0957,拼多多概念,akshare-eastmoney,2026-07-28
002103,bk1186,首发经济,akshare-eastmoney,2026-07-28
002104,bk0875,ETC,akshare-eastmoney,2026-07-28
002104,bk0883,数字货币,akshare-eastmoney,2026-07-28
002104,bk1047,数据安全,akshare-eastmoney,2026-07-28
002104,bk1075,电子身份证,akshare-eastmoney,2026-07-28
002116,bk1073,啤酒概念,akshare-eastmoney,2026-07-28
002117,bk0957,拼多多概念,akshare-eastmoney,2026-07-28
002117,bk1110,Web3.0,akshare-eastmoney,2026-07-28
002117,bk1118,数据确权,akshare-eastmoney,2026-07-28
002117,bk1176,财税数字化,akshare-eastmoney,2026-07-28
002122,bk0957,拼多多概念,akshare-eastmoney,2026-07-28
002122,bk1172,AI语料,akshare-eastmoney,2026-07-28
002124,bk1025,预制菜概念,akshare-eastmoney,2026-07-28
002127,bk0825,新零售,akshare-eastmoney,2026-07-28
002131,bk1172,AI语料,akshare-eastmoney,2026-07-28
002141,bk0815,昨日涨停,akshare-eastmoney,2026-07-28
002141,bk1630,昨日首板,akshare-eastmoney,2026-07-28
002152,bk0883,数字货币,akshare-eastmoney,2026-07-28
002152,bk1071,跨境支付,akshare-eastmoney,2026-07-28
002152,bk1075,电子身份证,akshare-eastmoney,2026-07-28
002152,bk1118,数据确权,akshare-eastmoney,2026-07-28
002153,bk0825,新零售,akshare-eastmoney,2026-07-28
002153,bk1071,跨境支付,akshare-eastmoney,2026-07-28
002158,bk0815,昨日涨停,akshare-eastmoney,2026-07-28
002158,bk1630,昨日首板,akshare-eastmoney,2026-07-28
002161,bk0875,ETC,akshare-eastmoney,2026-07-28
002161,bk0982,电子车牌,akshare-eastmoney,2026-07-28
002161,bk1075,电子身份证,akshare-eastmoney,2026-07-28
002162,bk1022,职业教育,akshare-eastmoney,2026-07-28
002166,bk1073,啤酒概念,akshare-eastmoney,2026-07-28
002173,bk0706,人脑工程,akshare-eastmoney,2026-07-28
002173,bk0815,昨日涨停,akshare-eastmoney,2026-07-28
002174,bk0815,昨日涨停,akshare-eastmoney,2026-07-28
002174,bk1630,昨日首板,akshare-eastmoney,2026-07-28
002183,bk0825,新零售,akshare-eastmoney,2026-07-28
002183,bk0896,白酒,akshare-eastmoney,2026-07-28
002183,bk1071,跨境支付,akshare-eastmoney,2026-07-28
002186,bk0825,新零售,akshare-eastmoney,2026-07-28
002186,bk0896,白酒,akshare-eastmoney,2026-07-28
002186,bk1025,预制菜概念,akshare-eastmoney,2026-07-28
002186,bk1186,首发经济,akshare-eastmoney,2026-07-28
002187,bk0825,新零售,akshare-eastmoney,2026-07-28
002187,bk0933,退税商店,akshare-eastmoney,2026-07-28
002187,bk1025,预制菜概念,akshare-eastmoney,2026-07-28
002187,bk1186,首发经济,akshare-eastmoney,2026-07-28
002193,bk0825,新零售,akshare-eastmoney,2026-07-28
002194,bk1022,职业教育,akshare-eastmoney,2026-07-28
002195,bk0706,人脑工程,akshare-eastmoney,2026-07-28
002195,bk1151,短剧互动游戏,akshare-eastmoney,2026-07-28
002195,bk1172,AI语料,akshare-eastmoney,2026-07-28
002195,bk1186,首发经济,akshare-eastmoney,2026-07-28
002197,bk0883,数字货币,akshare-eastmoney,2026-07-28
002197,bk1022,职业教育,akshare-eastmoney,2026-07-28
002197,bk1047,数据安全,akshare-eastmoney,2026-07-28
002197,bk1129,数字水印,akshare-eastmoney,2026-07-28
002211,bk1051,昨日连板_含一字,akshare-eastmoney,2026-07-28
002212,bk0883,数字货币,akshare-eastmoney,2026-07-28
002212,bk1047,数据安全,akshare-eastmoney,2026-07-28
002212,bk1071,跨境支付,akshare-eastmoney,2026-07-28
002216,bk1025,预制菜概念,akshare-eastmoney,2026-07-28
002217,bk0875,ETC,akshare-eastmoney,2026-07-28
002228,bk1129,数字水印,akshare-eastmoney,2026-07-28
002229,bk1129,数字水印,akshare-eastmoney,2026-07-28
002230,bk0706,人脑工程,akshare-eastmoney,2026-07-28
002232,bk1075,电子身份证,akshare-eastmoney,2026-07-28
002235,bk0815,昨日涨停,akshare-eastmoney,2026-07-28
002235,bk1110,Web3.0,akshare-eastmoney,2026-07-28
002235,bk1118,数据确权,akshare-eastmoney,2026-07-28
002235,bk1630,昨日首板,akshare-eastmoney,2026-07-28
002236,bk0982,电子车牌,akshare-eastmoney,2026-07-28
002238,bk1151,短剧互动游戏,akshare-eastmoney,2026-07-28
002242,bk0815,昨日涨停,akshare-eastmoney,2026-07-28
002242,bk1630,昨日首板,akshare-eastmoney,2026-07-28
002251,bk0825,新零售,akshare-eastmoney,2026-07-28
002251,bk1025,预制菜概念,akshare-eastmoney,2026-07-28
002256,bk0883,数字货币,akshare-eastmoney,2026-07-28
002261,bk0886,智慧政务,akshare-eastmoney,2026-07-28
002264,bk0825,新零售,akshare-eastmoney,2026-07-28
002264,bk0957,拼多多概念,akshare-eastmoney,2026-07-28
002268,bk0883,数字货币,akshare-eastmoney,2026-07-28
002268,bk0886,智慧政务,akshare-eastmoney,2026-07-28
002268,bk1047,数据安全,akshare-eastmoney,2026-07-28
002268,bk1071,跨境支付,akshare-eastmoney,2026-07-28
002269,bk0825,新零售,akshare-eastmoney,2026-07-28
002269,bk1186,首发经济,akshare-eastmoney,2026-07-28
002270,bk0815,昨日涨停,akshare-eastmoney,2026-07-28
002270,bk1630,昨日首板,akshare-eastmoney,2026-07-28
002277,bk0825,新零售,akshare-eastmoney,2026-07-28
002279,bk0886,智慧政务,akshare-eastmoney,2026-07-28
002279,bk1022,职业教育,akshare-eastmoney,2026-07-28
002279,bk1176,财税数字化,akshare-eastmoney,2026-07-28
002291,bk1110,Web3.0,akshare-eastmoney,2026-07-28
002291,bk1151,短剧互动游戏,akshare-eastmoney,2026-07-28
002291,bk1186,首发经济,akshare-eastmoney,2026-07-28
002292,bk0815,昨日涨停,akshare-eastmoney,2026-07-28
002292,bk1630,昨日首板,akshare-eastmoney,2026-07-28
002293,bk0825,新零售,akshare-eastmoney,2026-07-28
002298,bk0886,智慧政务,akshare-eastmoney,2026-07-28
002299,bk1025,预制菜概念,akshare-eastmoney,2026-07-28
002301,bk0886,智慧政务,akshare-eastmoney,2026-07-28
002303,bk1025,预制菜概念,akshare-eastmoney,2026-07-28
002304,bk0477,酿酒概念,akshare-eastmoney,2026-07-28
002304,bk0896,白酒,akshare-eastmoney,2026-07-28
002309,bk0815,昨日涨停,akshare-eastmoney,2026-07-28
002309,bk1630,昨日首板,akshare-eastmoney,2026-07-28
002310,bk0815,昨日涨停,akshare-eastmoney,2026-07-28
002310,bk1630,昨日首板,akshare-eastmoney,2026-07-28
002311,bk0967,水产概念,akshare-eastmoney,2026-07-28
002316,bk0875,ETC,akshare-eastmoney,2026-07-28
002316,bk0886,智慧政务,akshare-eastmoney,2026-07-28
002316,bk0982,电子车牌,akshare-eastmoney,2026-07-28
002321,bk0825,新零售,akshare-eastmoney,2026-07-28
002321,bk1025,预制菜概念,akshare-eastmoney,2026-07-28
002324,bk0706,人脑工程,akshare-eastmoney,2026-07-28
002329,bk0892,乳业,akshare-eastmoney,2026-07-28
002330,bk1025,预制菜概念,akshare-eastmoney,2026-07-28
002331,bk0875,ETC,akshare-eastmoney,2026-07-28
002342,bk0896,白酒,akshare-eastmoney,2026-07-28
002343,bk1172,AI语料,akshare-eastmoney,2026-07-28
002345,bk0825,新零售,akshare-eastmoney,2026-07-28
002353,bk0815,昨日涨停,akshare-eastmoney,2026-07-28
002354,bk1110,Web3.0,akshare-eastmoney,2026-07-28
002354,bk1118,数据确权,akshare-eastmoney,2026-07-28
002354,bk1151,短剧互动游戏,akshare-eastmoney,2026-07-28
002354,bk1172,AI语料,akshare-eastmoney,2026-07-28
002362,bk1075,电子身份证,akshare-eastmoney,2026-07-28
002364,bk0815,昨日涨停,akshare-eastmoney,2026-07-28
002364,bk1630,昨日首板,akshare-eastmoney,2026-07-28
002365,bk0815,昨日涨停,akshare-eastmoney,2026-07-28
002365,bk1630,昨日首板,akshare-eastmoney,2026-07-28
002368,bk0883,数字货币,akshare-eastmoney,2026-07-28
002368,bk0886,智慧政务,akshare-eastmoney,2026-07-28
002368,bk1054,DRG/DIP,akshare-eastmoney,2026-07-28
002368,bk1071,跨境支付,akshare-eastmoney,2026-07-28
002368,bk1176,财税数字化,akshare-eastmoney,2026-07-28
002373,bk0875,ETC,akshare-eastmoney,2026-07-28
002373,bk0982,电子车牌,akshare-eastmoney,2026-07-28
002374,bk0896,白酒,akshare-eastmoney,2026-07-28
002376,bk0825,新零售,akshare-eastmoney,2026-07-28
002376,bk0883,数字货币,akshare-eastmoney,2026-07-28
002376,bk0886,智慧政务,akshare-eastmoney,2026-07-28
002385,bk0892,乳业,akshare-eastmoney,2026-07-28
002385,bk0967,水产概念,akshare-eastmoney,2026-07-28
002388,bk0815,昨日涨停,akshare-eastmoney,2026-07-28
002388,bk1051,昨日连板_含一字,akshare-eastmoney,2026-07-28
002393,bk1151,短剧互动游戏,akshare-eastmoney,2026-07-28
002396,bk0706,人脑工程,akshare-eastmoney,2026-07-28
002396,bk0883,数字货币,akshare-eastmoney,2026-07-28
002397,bk0825,新零售,akshare-eastmoney,2026-07-28
002398,bk1047,数据安全,akshare-eastmoney,2026-07-28
002401,bk0875,ETC,akshare-eastmoney,2026-07-28
002404,bk0933,退税商店,akshare-eastmoney,2026-07-28
002407,bk0815,昨日涨停,akshare-eastmoney,2026-07-28
002407,bk1630,昨日首板,akshare-eastmoney,2026-07-28
002409,bk0815,昨日涨停,akshare-eastmoney,2026-07-28
002409,bk1630,昨日首板,akshare-eastmoney,2026-07-28
002415,bk1674,近期新高,akshare-eastmoney,2026-07-28
002416,bk0825,新零售,akshare-eastmoney,2026-07-28
002419,bk0825,新零售,akshare-eastmoney,2026-07-28
002419,bk0896,白酒,akshare-eastmoney,2026-07-28
002429,bk0957,拼多多概念,akshare-eastmoney,2026-07-28
002432,bk0825,新零售,akshare-eastmoney,2026-07-28
002439,bk1047,数据安全,akshare-eastmoney,2026-07-28
002439,bk1071,跨境支付,akshare-eastmoney,2026-07-28
002439,bk1075,电子身份证,akshare-eastmoney,2026-07-28
002441,bk1022,职业教育,akshare-eastmoney,2026-07-28
002448,bk0815,昨日涨停,akshare-eastmoney,2026-07-28
002448,bk1630,昨日首板,akshare-eastmoney,2026-07-28
002458,bk0892,乳业,akshare-eastmoney,2026-07-28
002461,bk0477,酿酒概念,akshare-eastmoney,2026-07-28
002461,bk1073,啤酒概念,akshare-eastmoney,2026-07-28
002467,bk1110,Web3.0,akshare-eastmoney,2026-07-28
002474,bk0886,智慧政务,akshare-eastmoney,2026-07-28
002474,bk1110,Web3.0,akshare-eastmoney,2026-07-28
002481,bk1025,预制菜概念,akshare-eastmoney,2026-07-28
002484,bk0815,昨日涨停,akshare-eastmoney,2026-07-28
002484,bk0875,ETC,akshare-eastmoney,2026-07-28
002484,bk1630,昨日首板,akshare-eastmoney,2026-07-28
002488,bk0825,新零售,akshare-eastmoney,2026-07-28
002495,bk1025,预制菜概念,akshare-eastmoney,2026-07-28
002512,bk0982,电子车牌,akshare-eastmoney,2026-07-28
002514,bk0815,昨日涨停,akshare-eastmoney,2026-07-28
002515,bk0825,新零售,akshare-eastmoney,2026-07-28
002515,bk1025,预制菜概念,akshare-eastmoney,2026-07-28
002517,bk1151,短剧互动游戏,akshare-eastmoney,2026-07-28
002522,bk0815,昨日涨停,akshare-eastmoney,2026-07-28
002522,bk1630,昨日首板,akshare-eastmoney,2026-07-28
002528,bk0815,昨日涨停,akshare-eastmoney,2026-07-28
002528,bk0886,智慧政务,akshare-eastmoney,2026-07-28
002528,bk1075,电子身份证,akshare-eastmoney,2026-07-28
002528,bk1630,昨日首板,akshare-eastmoney,2026-07-28
002534,bk1186,首发经济,akshare-eastmoney,2026-07-28
002537,bk0883,数字货币,akshare-eastmoney,2026-07-28
002537,bk1071,跨境支付,akshare-eastmoney,2026-07-28
002555,bk0706,人脑工程,akshare-eastmoney,2026-07-28
002557,bk0892,乳业,akshare-eastmoney,2026-07-28
002561,bk0825,新零售,akshare-eastmoney,2026-07-28
002563,bk0825,新零售,akshare-eastmoney,2026-07-28
002566,bk0825,新零售,akshare-eastmoney,2026-07-28
002567,bk1025,预制菜概念,akshare-eastmoney,2026-07-28
002568,bk0477,酿酒概念,akshare-eastmoney,2026-07-28
002570,bk0892,乳业,akshare-eastmoney,2026-07-28
002571,bk0957,拼多多概念,akshare-eastmoney,2026-07-28
002572,bk0825,新零售,akshare-eastmoney,2026-07-28
002575,bk0896,白酒,akshare-eastmoney,2026-07-28
002577,bk0815,昨日涨停,akshare-eastmoney,2026-07-28
002577,bk1630,昨日首板,akshare-eastmoney,2026-07-28
002580,bk0815,昨日涨停,akshare-eastmoney,2026-07-28
002580,bk1630,昨日首板,akshare-eastmoney,2026-07-28
002582,bk1022,职业教育,akshare-eastmoney,2026-07-28
002587,bk1110,Web3.0,akshare-eastmoney,2026-07-28
002587,bk1151,短剧互动游戏,akshare-eastmoney,2026-07-28
002602,bk1047,数据安全,akshare-eastmoney,2026-07-28
002607,bk1022,职业教育,akshare-eastmoney,2026-07-28
002612,bk0815,昨日涨停,akshare-eastmoney,2026-07-28
002612,bk0825,新零售,akshare-eastmoney,2026-07-28
002612,bk1630,昨日首板,akshare-eastmoney,2026-07-28
002614,bk0825,新零售,akshare-eastmoney,2026-07-28
002615,bk0825,新零售,akshare-eastmoney,2026-07-28
002615,bk1151,短剧互动游戏,akshare-eastmoney,2026-07-28
002624,bk1151,短剧互动游戏,akshare-eastmoney,2026-07-28
002636,bk0815,昨日涨停,akshare-eastmoney,2026-07-28
002636,bk1630,昨日首板,akshare-eastmoney,2026-07-28
002640,bk0815,昨日涨停,akshare-eastmoney,2026-07-28
002640,bk0957,拼多多概念,akshare-eastmoney,2026-07-28
002640,bk1630,昨日首板,akshare-eastmoney,2026-07-28
002646,bk0477,酿酒概念,akshare-eastmoney,2026-07-28
002646,bk0896,白酒,akshare-eastmoney,2026-07-28
002647,bk0815,昨日涨停,akshare-eastmoney,2026-07-28
002647,bk1071,跨境支付,akshare-eastmoney,2026-07-28
002647,bk1630,昨日首板,akshare-eastmoney,2026-07-28
002649,bk0883,数字货币,akshare-eastmoney,2026-07-28
002649,bk1071,跨境支付,akshare-eastmoney,2026-07-28
002650,bk0825,新零售,akshare-eastmoney,2026-07-28
002654,bk0875,ETC,akshare-eastmoney,2026-07-28
002657,bk0883,数字货币,akshare-eastmoney,2026-07-28
002657,bk0886,智慧政务,akshare-eastmoney,2026-07-28
002657,bk1110,Web3.0,akshare-eastmoney,2026-07-28
002657,bk1176,财税数字化,akshare-eastmoney,2026-07-28
002659,bk1022,职业教育,akshare-eastmoney,2026-07-28
002661,bk1025,预制菜概念,akshare-eastmoney,2026-07-28
002678,bk0825,新零售,akshare-eastmoney,2026-07-28
002678,bk1022,职业教育,akshare-eastmoney,2026-07-28
002682,bk0875,ETC,akshare-eastmoney,2026-07-28
002682,bk1022,职业教育,akshare-eastmoney,2026-07-28
002695,bk0957,拼多多概念,akshare-eastmoney,2026-07-28
002696,bk0967,水产概念,akshare-eastmoney,2026-07-28
002696,bk1025,预制菜概念,akshare-eastmoney,2026-07-28
002697,bk0825,新零售,akshare-eastmoney,2026-07-28
002701,bk1025,预制菜概念,akshare-eastmoney,2026-07-28
002701,bk1073,啤酒概念,akshare-eastmoney,2026-07-28
002702,bk0825,新零售,akshare-eastmoney,2026-07-28
002702,bk1025,预制菜概念,akshare-eastmoney,2026-07-28
002712,bk1151,短剧互动游戏,akshare-eastmoney,2026-07-28
002717,bk1118,数据确权,akshare-eastmoney,2026-07-28
002717,bk1129,数字水印,akshare-eastmoney,2026-07-28
002717,bk1186,首发经济,akshare-eastmoney,2026-07-28
002718,bk0957,拼多多概念,akshare-eastmoney,2026-07-28
002719,bk0825,新零售,akshare-eastmoney,2026-07-28
002719,bk0892,乳业,akshare-eastmoney,2026-07-28
002721,bk0883,数字货币,akshare-eastmoney,2026-07-28
002726,bk0825,新零售,akshare-eastmoney,2026-07-28
002726,bk1025,预制菜概念,akshare-eastmoney,2026-07-28
002731,bk0815,昨日涨停,akshare-eastmoney,2026-07-28
002731,bk1630,昨日首板,akshare-eastmoney,2026-07-28
002732,bk0892,乳业,akshare-eastmoney,2026-07-28
002746,bk1025,预制菜概念,akshare-eastmoney,2026-07-28
002759,bk0815,昨日涨停,akshare-eastmoney,2026-07-28
002759,bk1630,昨日首板,akshare-eastmoney,2026-07-28
002762,bk0825,新零售,akshare-eastmoney,2026-07-28
002775,bk0815,昨日涨停,akshare-eastmoney,2026-07-28
002777,bk1054,DRG/DIP,akshare-eastmoney,2026-07-28
002780,bk0825,新零售,akshare-eastmoney,2026-07-28
002780,bk1186,首发经济,akshare-eastmoney,2026-07-28
002819,bk0706,人脑工程,akshare-eastmoney,2026-07-28
002820,bk0825,新零售,akshare-eastmoney,2026-07-28
002820,bk1025,预制菜概念,akshare-eastmoney,2026-07-28
002832,bk0825,新零售,akshare-eastmoney,2026-07-28
002832,bk1674,近期新高,akshare-eastmoney,2026-07-28
002835,bk1047,数据安全,akshare-eastmoney,2026-07-28
002858,bk1110,Web3.0,akshare-eastmoney,2026-07-28
002860,bk0875,ETC,akshare-eastmoney,2026-07-28
002860,bk1674,近期新高,akshare-eastmoney,2026-07-28
002869,bk0875,ETC,akshare-eastmoney,2026-07-28
002869,bk0982,电子车牌,akshare-eastmoney,2026-07-28
002875,bk0825,新零售,akshare-eastmoney,2026-07-28
002878,bk0957,拼多多概念,akshare-eastmoney,2026-07-28
002879,bk0815,昨日涨停,akshare-eastmoney,2026-07-28
002879,bk1051,昨日连板_含一字,akshare-eastmoney,2026-07-28
002889,bk1071,跨境支付,akshare-eastmoney,2026-07-28
002891,bk0825,新零售,akshare-eastmoney,2026-07-28
002900,bk0815,昨日涨停,akshare-eastmoney,2026-07-28
002908,bk0883,数字货币,akshare-eastmoney,2026-07-28
002908,bk0886,智慧政务,akshare-eastmoney,2026-07-28
002908,bk1022,职业教育,akshare-eastmoney,2026-07-28
002908,bk1172,AI语料,akshare-eastmoney,2026-07-28
002910,bk0892,乳业,akshare-eastmoney,2026-07-28
002912,bk1022,职业教育,akshare-eastmoney,2026-07-28
002912,bk1047,数据安全,akshare-eastmoney,2026-07-28
002918,bk0815,昨日涨停,akshare-eastmoney,2026-07-28
002918,bk1186,首发经济,akshare-eastmoney,2026-07-28
002918,bk1630,昨日首板,akshare-eastmoney,2026-07-28
002925,bk0706,人脑工程,akshare-eastmoney,2026-07-28
002925,bk0815,昨日涨停,akshare-eastmoney,2026-07-28
002925,bk1630,昨日首板,akshare-eastmoney,2026-07-28
002941,bk0875,ETC,akshare-eastmoney,2026-07-28
002946,bk0825,新零售,akshare-eastmoney,2026-07-28
002946,bk0892,乳业,akshare-eastmoney,2026-07-28
002948,bk1071,跨境支付,akshare-eastmoney,2026-07-28
002951,bk0815,昨日涨停,akshare-eastmoney,2026-07-28
002951,bk1630,昨日首板,akshare-eastmoney,2026-07-28
002969,bk0815,昨日涨停,akshare-eastmoney,2026-07-28
002969,bk1073,啤酒概念,akshare-eastmoney,2026-07-28
002969,bk1630,昨日首板,akshare-eastmoney,2026-07-28
002972,bk1047,数据安全,akshare-eastmoney,2026-07-28
002982,bk1025,预制菜概念,akshare-eastmoney,2026-07-28
002987,bk0883,数字货币,akshare-eastmoney,2026-07-28
002987,bk1071,跨境支付,akshare-eastmoney,2026-07-28
002987,bk1075,电子身份证,akshare-eastmoney,2026-07-28
002987,bk1110,Web3.0,akshare-eastmoney,2026-07-28
002991,bk0825,新零售,akshare-eastmoney,2026-07-28
002995,bk0957,拼多多概念,akshare-eastmoney,2026-07-28
002995,bk1110,Web3.0,akshare-eastmoney,2026-07-28
002995,bk1176,财税数字化,akshare-eastmoney,2026-07-28
003004,bk0706,人脑工程,akshare-eastmoney,2026-07-28
003005,bk1022,职业教育,akshare-eastmoney,2026-07-28
003005,bk1047,数据安全,akshare-eastmoney,2026-07-28
003007,bk0886,智慧政务,akshare-eastmoney,2026-07-28
003010,bk0957,拼多多概念,akshare-eastmoney,2026-07-28
003012,bk0825,新零售,akshare-eastmoney,2026-07-28
003013,bk1674,近期新高,akshare-eastmoney,2026-07-28
003016,bk0825,新零售,akshare-eastmoney,2026-07-28
003020,bk0815,昨日涨停,akshare-eastmoney,2026-07-28
003020,bk1630,昨日首板,akshare-eastmoney,2026-07-28
003029,bk0883,数字货币,akshare-eastmoney,2026-07-28
003029,bk1047,数据安全,akshare-eastmoney,2026-07-28
003029,bk1071,跨境支付,akshare-eastmoney,2026-07-28
003029,bk1129,数字水印,akshare-eastmoney,2026-07-28
003030,bk0815,昨日涨停,akshare-eastmoney,2026-07-28
003030,bk0825,新零售,akshare-eastmoney,2026-07-28
003030,bk1630,昨日首板,akshare-eastmoney,2026-07-28
003032,bk0815,昨日涨停,akshare-eastmoney,2026-07-28
003032,bk1022,职业教育,akshare-eastmoney,2026-07-28
003032,bk1630,昨日首板,akshare-eastmoney,2026-07-28
003040,bk0875,ETC,akshare-eastmoney,2026-07-28
003040,bk0883,数字货币,akshare-eastmoney,2026-07-28
003040,bk0886,智慧政务,akshare-eastmoney,2026-07-28
003040,bk1075,电子身份证,akshare-eastmoney,2026-07-28
200596,bk0477,酿酒概念,akshare-eastmoney,2026-07-28
200869,bk0477,酿酒概念,akshare-eastmoney,2026-07-28
300002,bk1047,数据安全,akshare-eastmoney,2026-07-28
300003,bk0706,人脑工程,akshare-eastmoney,2026-07-28
300007,bk0706,人脑工程,akshare-eastmoney,2026-07-28
300007,bk0883,数字货币,akshare-eastmoney,2026-07-28
300007,bk1075,电子身份证,akshare-eastmoney,2026-07-28
300010,bk0886,智慧政务,akshare-eastmoney,2026-07-28
300010,bk1176,财税数字化,akshare-eastmoney,2026-07-28
300016,bk0706,人脑工程,akshare-eastmoney,2026-07-28
300020,bk0875,ETC,akshare-eastmoney,2026-07-28
300020,bk0886,智慧政务,akshare-eastmoney,2026-07-28
300020,bk0982,电子车牌,akshare-eastmoney,2026-07-28
300021,bk0886,智慧政务,akshare-eastmoney,2026-07-28
300026,bk1147,SPD概念,akshare-eastmoney,2026-07-28
300027,bk1151,短剧互动游戏,akshare-eastmoney,2026-07-28
300036,bk1110,Web3.0,akshare-eastmoney,2026-07-28
300047,bk0883,数字货币,akshare-eastmoney,2026-07-28
300047,bk0886,智慧政务,akshare-eastmoney,2026-07-28
300047,bk1022,职业教育,akshare-eastmoney,2026-07-28
300047,bk1071,跨境支付,akshare-eastmoney,2026-07-28
300047,bk1176,财税数字化,akshare-eastmoney,2026-07-28
300050,bk0982,电子车牌,akshare-eastmoney,2026-07-28
300050,bk1022,职业教育,akshare-eastmoney,2026-07-28
300052,bk1151,短剧互动游戏,akshare-eastmoney,2026-07-28
300058,bk1022,职业教育,akshare-eastmoney,2026-07-28
300058,bk1110,Web3.0,akshare-eastmoney,2026-07-28
300058,bk1151,短剧互动游戏,akshare-eastmoney,2026-07-28
300061,bk0883,数字货币,akshare-eastmoney,2026-07-28
300061,bk0886,智慧政务,akshare-eastmoney,2026-07-28
300061,bk1047,数据安全,akshare-eastmoney,2026-07-28
300071,bk1110,Web3.0,akshare-eastmoney,2026-07-28
300071,bk1172,AI语料,akshare-eastmoney,2026-07-28
300074,bk0886,智慧政务,akshare-eastmoney,2026-07-28
300074,bk1054,DRG/DIP,akshare-eastmoney,2026-07-28
300075,bk0875,ETC,akshare-eastmoney,2026-07-28
300075,bk0886,智慧政务,akshare-eastmoney,2026-07-28
300077,bk0883,数字货币,akshare-eastmoney,2026-07-28
300079,bk0875,ETC,akshare-eastmoney,2026-07-28
300079,bk0883,数字货币,akshare-eastmoney,2026-07-28
300079,bk1047,数据安全,akshare-eastmoney,2026-07-28
300079,bk1071,跨境支付,akshare-eastmoney,2026-07-28
300079,bk1118,数据确权,akshare-eastmoney,2026-07-28
300079,bk1129,数字水印,akshare-eastmoney,2026-07-28
300081,bk1110,Web3.0,akshare-eastmoney,2026-07-28
300081,bk1129,数字水印,akshare-eastmoney,2026-07-28
300085,bk0883,数字货币,akshare-eastmoney,2026-07-28
300094,bk0825,新零售,akshare-eastmoney,2026-07-28
300094,bk1025,预制菜概念,akshare-eastmoney,2026-07-28
300096,bk0886,智慧政务,akshare-eastmoney,2026-07-28
300096,bk1054,DRG/DIP,akshare-eastmoney,2026-07-28
300098,bk0982,电子车牌,akshare-eastmoney,2026-07-28
300106,bk0892,乳业,akshare-eastmoney,2026-07-28
300113,bk1110,Web3.0,akshare-eastmoney,2026-07-28
300113,bk1118,数据确权,akshare-eastmoney,2026-07-28
300113,bk1186,首发经济,akshare-eastmoney,2026-07-28
300120,bk0982,电子车牌,akshare-eastmoney,2026-07-28
300130,bk0883,数字货币,akshare-eastmoney,2026-07-28
300130,bk1071,跨境支付,akshare-eastmoney,2026-07-28
300130,bk1075,电子身份证,akshare-eastmoney,2026-07-28
300133,bk1151,短剧互动游戏,akshare-eastmoney,2026-07-28
300133,bk1172,AI语料,akshare-eastmoney,2026-07-28
300143,bk0706,人脑工程,akshare-eastmoney,2026-07-28
300148,bk1118,数据确权,akshare-eastmoney,2026-07-28
300161,bk1022,职业教育,akshare-eastmoney,2026-07-28
300162,bk0825,新零售,akshare-eastmoney,2026-07-28
300166,bk0883,数字货币,akshare-eastmoney,2026-07-28
300166,bk1022,职业教育,akshare-eastmoney,2026-07-28
300166,bk1075,电子身份证,akshare-eastmoney,2026-07-28
300166,bk1110,Web3.0,akshare-eastmoney,2026-07-28
300166,bk1129,数字水印,akshare-eastmoney,2026-07-28
300168,bk0886,智慧政务,akshare-eastmoney,2026-07-28
300168,bk1054,DRG/DIP,akshare-eastmoney,2026-07-28
300168,bk1075,电子身份证,akshare-eastmoney,2026-07-28
300170,bk1176,财税数字化,akshare-eastmoney,2026-07-28
300180,bk0883,数字货币,akshare-eastmoney,2026-07-28
300180,bk1071,跨境支付,akshare-eastmoney,2026-07-28
300182,bk1110,Web3.0,akshare-eastmoney,2026-07-28
300182,bk1151,短剧互动游戏,akshare-eastmoney,2026-07-28
300182,bk1172,AI语料,akshare-eastmoney,2026-07-28
300184,bk0875,ETC,akshare-eastmoney,2026-07-28
300188,bk0883,数字货币,akshare-eastmoney,2026-07-28
300188,bk0886,智慧政务,akshare-eastmoney,2026-07-28
300188,bk1047,数据安全,akshare-eastmoney,2026-07-28
300188,bk1075,电子身份证,akshare-eastmoney,2026-07-28
300188,bk1110,Web3.0,akshare-eastmoney,2026-07-28
300188,bk1176,财税数字化,akshare-eastmoney,2026-07-28
300189,bk0967,水产概念,akshare-eastmoney,2026-07-28
300192,bk1022,职业教育,akshare-eastmoney,2026-07-28
300205,bk0875,ETC,akshare-eastmoney,2026-07-28
300205,bk0883,数字货币,akshare-eastmoney,2026-07-28
300212,bk0982,电子车牌,akshare-eastmoney,2026-07-28
300212,bk1118,数据确权,akshare-eastmoney,2026-07-28
300213,bk1047,数据安全,akshare-eastmoney,2026-07-28
300214,bk0815,昨日涨停,akshare-eastmoney,2026-07-28
300214,bk1674,近期新高,akshare-eastmoney,2026-07-28
300214,bk1675,历史新高,akshare-eastmoney,2026-07-28
300220,bk1118,数据确权,akshare-eastmoney,2026-07-28
300226,bk1172,AI语料,akshare-eastmoney,2026-07-28
300229,bk0883,数字货币,akshare-eastmoney,2026-07-28
300229,bk0886,智慧政务,akshare-eastmoney,2026-07-28
300229,bk1047,数据安全,akshare-eastmoney,2026-07-28
300229,bk1075,电子身份证,akshare-eastmoney,2026-07-28
300229,bk1110,Web3.0,akshare-eastmoney,2026-07-28
300229,bk1172,AI语料,akshare-eastmoney,2026-07-28
300244,bk1022,职业教育,akshare-eastmoney,2026-07-28
300244,bk1054,DRG/DIP,akshare-eastmoney,2026-07-28
300244,bk1186,首发经济,akshare-eastmoney,2026-07-28
300248,bk0883,数字货币,akshare-eastmoney,2026-07-28
300248,bk1022,职业教育,akshare-eastmoney,2026-07-28
300253,bk1054,DRG/DIP,akshare-eastmoney,2026-07-28
300268,bk0825,新零售,akshare-eastmoney,2026-07-28
300268,bk0967,水产概念,akshare-eastmoney,2026-07-28
300271,bk0886,智慧政务,akshare-eastmoney,2026-07-28
300271,bk1047,数据安全,akshare-eastmoney,2026-07-28
300271,bk1176,财税数字化,akshare-eastmoney,2026-07-28
300275,bk1047,数据安全,akshare-eastmoney,2026-07-28
300287,bk0886,智慧政务,akshare-eastmoney,2026-07-28
300287,bk1110,Web3.0,akshare-eastmoney,2026-07-28
300290,bk1054,DRG/DIP,akshare-eastmoney,2026-07-28
300291,bk1151,短剧互动游戏,akshare-eastmoney,2026-07-28
300296,bk1186,首发经济,akshare-eastmoney,2026-07-28
300306,bk1075,电子身份证,akshare-eastmoney,2026-07-28
300311,bk0883,数字货币,akshare-eastmoney,2026-07-28
300311,bk1047,数据安全,akshare-eastmoney,2026-07-28
300311,bk1075,电子身份证,akshare-eastmoney,2026-07-28
300324,bk1176,财税数字化,akshare-eastmoney,2026-07-28
300333,bk0883,数字货币,akshare-eastmoney,2026-07-28
300333,bk1047,数据安全,akshare-eastmoney,2026-07-28
300338,bk1022,职业教育,akshare-eastmoney,2026-07-28
300339,bk0886,智慧政务,akshare-eastmoney,2026-07-28
300339,bk1071,跨境支付,akshare-eastmoney,2026-07-28
300339,bk1176,财税数字化,akshare-eastmoney,2026-07-28
300348,bk0883,数字货币,akshare-eastmoney,2026-07-28
300348,bk1071,跨境支付,akshare-eastmoney,2026-07-28
300348,bk1176,财税数字化,akshare-eastmoney,2026-07-28
300352,bk0883,数字货币,akshare-eastmoney,2026-07-28
300352,bk0886,智慧政务,akshare-eastmoney,2026-07-28
300352,bk1047,数据安全,akshare-eastmoney,2026-07-28
300352,bk1129,数字水印,akshare-eastmoney,2026-07-28
300359,bk1022,职业教育,akshare-eastmoney,2026-07-28
300364,bk1110,Web3.0,akshare-eastmoney,2026-07-28
300364,bk1118,数据确权,akshare-eastmoney,2026-07-28
300364,bk1151,短剧互动游戏,akshare-eastmoney,2026-07-28
300364,bk1172,AI语料,akshare-eastmoney,2026-07-28
300365,bk1022,职业教育,akshare-eastmoney,2026-07-28
300366,bk1047,数据安全,akshare-eastmoney,2026-07-28
300369,bk0886,智慧政务,akshare-eastmoney,2026-07-28
300369,bk1047,数据安全,akshare-eastmoney,2026-07-28
300376,bk0875,ETC,akshare-eastmoney,2026-07-28
300377,bk0883,数字货币,akshare-eastmoney,2026-07-28
300377,bk1110,Web3.0,akshare-eastmoney,2026-07-28
300378,bk0825,新零售,akshare-eastmoney,2026-07-28
300378,bk1176,财税数字化,akshare-eastmoney,2026-07-28
300386,bk0883,数字货币,akshare-eastmoney,2026-07-28
300386,bk1075,电子身份证,akshare-eastmoney,2026-07-28
300387,bk1071,跨境支付,akshare-eastmoney,2026-07-28
300404,bk0706,人脑工程,akshare-eastmoney,2026-07-28
300409,bk0706,人脑工程,akshare-eastmoney,2026-07-28
300413,bk1151,短剧互动游戏,akshare-eastmoney,2026-07-28
300413,bk1172,AI语料,akshare-eastmoney,2026-07-28
300418,bk1110,Web3.0,akshare-eastmoney,2026-07-28
300418,bk1151,短剧互动游戏,akshare-eastmoney,2026-07-28
300418,bk1172,AI语料,akshare-eastmoney,2026-07-28
300419,bk1047,数据安全,akshare-eastmoney,2026-07-28
300423,bk0886,智慧政务,akshare-eastmoney,2026-07-28
300426,bk1151,短剧互动游戏,akshare-eastmoney,2026-07-28
300430,bk0706,人脑工程,akshare-eastmoney,2026-07-28
300433,bk0706,人脑工程,akshare-eastmoney,2026-07-28
300440,bk1022,职业教育,akshare-eastmoney,2026-07-28
300441,bk0825,新零售,akshare-eastmoney,2026-07-28
300448,bk0875,ETC,akshare-eastmoney,2026-07-28
300448,bk0982,电子车牌,akshare-eastmoney,2026-07-28
300449,bk1129,数字水印,akshare-eastmoney,2026-07-28
300451,bk1054,DRG/DIP,akshare-eastmoney,2026-07-28
300459,bk0706,人脑工程,akshare-eastmoney,2026-07-28
300462,bk0875,ETC,akshare-eastmoney,2026-07-28
300465,bk0883,数字货币,akshare-eastmoney,2026-07-28
300465,bk1071,跨境支付,akshare-eastmoney,2026-07-28
300466,bk1047,数据安全,akshare-eastmoney,2026-07-28
300468,bk0883,数字货币,akshare-eastmoney,2026-07-28
300468,bk1071,跨境支付,akshare-eastmoney,2026-07-28
300468,bk1110,Web3.0,akshare-eastmoney,2026-07-28
300468,bk1118,数据确权,akshare-eastmoney,2026-07-28
300469,bk0883,数字货币,akshare-eastmoney,2026-07-28
300469,bk0886,智慧政务,akshare-eastmoney,2026-07-28
300479,bk0883,数字货币,akshare-eastmoney,2026-07-28
300479,bk1075,电子身份证,akshare-eastmoney,2026-07-28
300492,bk1022,职业教育,akshare-eastmoney,2026-07-28
300494,bk1151,短剧互动游戏,akshare-eastmoney,2026-07-28
300498,bk0825,新零售,akshare-eastmoney,2026-07-28
300498,bk0892,乳业,akshare-eastmoney,2026-07-28
300501,bk1025,预制菜概念,akshare-eastmoney,2026-07-28
300520,bk0875,ETC,akshare-eastmoney,2026-07-28
300525,bk0883,数字货币,akshare-eastmoney,2026-07-28
300525,bk0886,智慧政务,akshare-eastmoney,2026-07-28
300525,bk1176,财税数字化,akshare-eastmoney,2026-07-28
300531,bk0883,数字货币,akshare-eastmoney,2026-07-28
300531,bk1071,跨境支付,akshare-eastmoney,2026-07-28
300531,bk1075,电子身份证,akshare-eastmoney,2026-07-28
300534,bk0815,昨日涨停,akshare-eastmoney,2026-07-28
300534,bk1630,昨日首板,akshare-eastmoney,2026-07-28
300541,bk0875,ETC,akshare-eastmoney,2026-07-28
300541,bk0883,数字货币,akshare-eastmoney,2026-07-28
300541,bk1047,数据安全,akshare-eastmoney,2026-07-28
300541,bk1071,跨境支付,akshare-eastmoney,2026-07-28
300542,bk1071,跨境支付,akshare-eastmoney,2026-07-28
300542,bk1110,Web3.0,akshare-eastmoney,2026-07-28
300542,bk1176,财税数字化,akshare-eastmoney,2026-07-28
300546,bk0883,数字货币,akshare-eastmoney,2026-07-28
300546,bk0886,智慧政务,akshare-eastmoney,2026-07-28
300546,bk0982,电子车牌,akshare-eastmoney,2026-07-28
300546,bk1075,电子身份证,akshare-eastmoney,2026-07-28
300551,bk0883,数字货币,akshare-eastmoney,2026-07-28
300552,bk0875,ETC,akshare-eastmoney,2026-07-28
300552,bk0982,电子车牌,akshare-eastmoney,2026-07-28
300556,bk1022,职业教育,akshare-eastmoney,2026-07-28
300560,bk0886,智慧政务,akshare-eastmoney,2026-07-28
300560,bk1075,电子身份证,akshare-eastmoney,2026-07-28
300571,bk1129,数字水印,akshare-eastmoney,2026-07-28
300578,bk0886,智慧政务,akshare-eastmoney,2026-07-28
300578,bk1110,Web3.0,akshare-eastmoney,2026-07-28
300579,bk0883,数字货币,akshare-eastmoney,2026-07-28
300579,bk0886,智慧政务,akshare-eastmoney,2026-07-28
300579,bk1047,数据安全,akshare-eastmoney,2026-07-28
300579,bk1054,DRG/DIP,akshare-eastmoney,2026-07-28
300579,bk1075,电子身份证,akshare-eastmoney,2026-07-28
300579,bk1118,数据确权,akshare-eastmoney,2026-07-28
300579,bk1176,财税数字化,akshare-eastmoney,2026-07-28
300595,bk0706,人脑工程,akshare-eastmoney,2026-07-28
300603,bk0875,ETC,akshare-eastmoney,2026-07-28
300603,bk0982,电子车牌,akshare-eastmoney,2026-07-28
300605,bk0886,智慧政务,akshare-eastmoney,2026-07-28
300608,bk1022,职业教育,akshare-eastmoney,2026-07-28
300612,bk0957,拼多多概念,akshare-eastmoney,2026-07-28
300612,bk1110,Web3.0,akshare-eastmoney,2026-07-28
300624,bk1047,数据安全,akshare-eastmoney,2026-07-28
300624,bk1110,Web3.0,akshare-eastmoney,2026-07-28
300632,bk0706,人脑工程,akshare-eastmoney,2026-07-28
300634,bk0886,智慧政务,akshare-eastmoney,2026-07-28
300645,bk0883,数字货币,akshare-eastmoney,2026-07-28
300645,bk1075,电子身份证,akshare-eastmoney,2026-07-28
300652,bk0706,人脑工程,akshare-eastmoney,2026-07-28
300654,bk1172,AI语料,akshare-eastmoney,2026-07-28
300656,bk1075,电子身份证,akshare-eastmoney,2026-07-28
300659,bk1047,数据安全,akshare-eastmoney,2026-07-28
300659,bk1118,数据确权,akshare-eastmoney,2026-07-28
300663,bk0883,数字货币,akshare-eastmoney,2026-07-28
300663,bk1047,数据安全,akshare-eastmoney,2026-07-28
300663,bk1071,跨境支付,akshare-eastmoney,2026-07-28
300663,bk1075,电子身份证,akshare-eastmoney,2026-07-28
300663,bk1110,Web3.0,akshare-eastmoney,2026-07-28
300663,bk1118,数据确权,akshare-eastmoney,2026-07-28
300663,bk1129,数字水印,akshare-eastmoney,2026-07-28
300663,bk1176,财税数字化,akshare-eastmoney,2026-07-28
300674,bk0883,数字货币,akshare-eastmoney,2026-07-28
300674,bk1071,跨境支付,akshare-eastmoney,2026-07-28
300674,bk1110,Web3.0,akshare-eastmoney,2026-07-28
300678,bk0706,人脑工程,akshare-eastmoney,2026-07-28
300678,bk0886,智慧政务,akshare-eastmoney,2026-07-28
300688,bk1022,职业教育,akshare-eastmoney,2026-07-28
300710,bk0957,拼多多概念,akshare-eastmoney,2026-07-28
300717,bk0875,ETC,akshare-eastmoney,2026-07-28
300730,bk0886,智慧政务,akshare-eastmoney,2026-07-28
300730,bk1054,DRG/DIP,akshare-eastmoney,2026-07-28
300730,bk1075,电子身份证,akshare-eastmoney,2026-07-28
300730,bk1176,财税数字化,akshare-eastmoney,2026-07-28
300753,bk0706,人脑工程,akshare-eastmoney,2026-07-28
300753,bk0815,昨日涨停,akshare-eastmoney,2026-07-28
300753,bk1630,昨日首板,akshare-eastmoney,2026-07-28
300755,bk0825,新零售,akshare-eastmoney,2026-07-28
300766,bk0957,拼多多概念,akshare-eastmoney,2026-07-28
300766,bk1047,数据安全,akshare-eastmoney,2026-07-28
300768,bk1047,数据安全,akshare-eastmoney,2026-07-28
300768,bk1176,财税数字化,akshare-eastmoney,2026-07-28
300770,bk1151,短剧互动游戏,akshare-eastmoney,2026-07-28
300773,bk0883,数字货币,akshare-eastmoney,2026-07-28
300773,bk1071,跨境支付,akshare-eastmoney,2026-07-28
300781,bk1110,Web3.0,akshare-eastmoney,2026-07-28
300781,bk1151,短剧互动游戏,akshare-eastmoney,2026-07-28
300781,bk1186,首发经济,akshare-eastmoney,2026-07-28
300783,bk0825,新零售,akshare-eastmoney,2026-07-28
300785,bk0957,拼多多概念,akshare-eastmoney,2026-07-28
300788,bk1172,AI语料,akshare-eastmoney,2026-07-28
300790,bk0875,ETC,akshare-eastmoney,2026-07-28
300790,bk1022,职业教育,akshare-eastmoney,2026-07-28
300792,bk0957,拼多多概念,akshare-eastmoney,2026-07-28
300795,bk0815,昨日涨停,akshare-eastmoney,2026-07-28
300795,bk1172,AI语料,akshare-eastmoney,2026-07-28
300795,bk1186,首发经济,akshare-eastmoney,2026-07-28
300795,bk1630,昨日首板,akshare-eastmoney,2026-07-28
300797,bk1022,职业教育,akshare-eastmoney,2026-07-28
300801,bk0706,人脑工程,akshare-eastmoney,2026-07-28
300802,bk0815,昨日涨停,akshare-eastmoney,2026-07-28
300802,bk1630,昨日首板,akshare-eastmoney,2026-07-28
300829,bk1025,预制菜概念,akshare-eastmoney,2026-07-28
300845,bk1022,职业教育,akshare-eastmoney,2026-07-28
300846,bk1047,数据安全,akshare-eastmoney,2026-07-28
300846,bk1110,Web3.0,akshare-eastmoney,2026-07-28
300858,bk0892,乳业,akshare-eastmoney,2026-07-28
300860,bk1186,首发经济,akshare-eastmoney,2026-07-28
300872,bk0883,数字货币,akshare-eastmoney,2026-07-28
300872,bk0886,智慧政务,akshare-eastmoney,2026-07-28
300872,bk1071,跨境支付,akshare-eastmoney,2026-07-28
300884,bk0706,人脑工程,akshare-eastmoney,2026-07-28
300892,bk0825,新零售,akshare-eastmoney,2026-07-28
300892,bk0892,乳业,akshare-eastmoney,2026-07-28
300892,bk1073,啤酒概念,akshare-eastmoney,2026-07-28
300895,bk1118,数据确权,akshare-eastmoney,2026-07-28
300897,bk0815,昨日涨停,akshare-eastmoney,2026-07-28
300897,bk1630,昨日首板,akshare-eastmoney,2026-07-28
300898,bk0892,乳业,akshare-eastmoney,2026-07-28
300908,bk0825,新零售,akshare-eastmoney,2026-07-28
300915,bk0892,乳业,akshare-eastmoney,2026-07-28
300921,bk1047,数据安全,akshare-eastmoney,2026-07-28
300925,bk0883,数字货币,akshare-eastmoney,2026-07-28
300925,bk1071,跨境支付,akshare-eastmoney,2026-07-28
300935,bk1022,职业教育,akshare-eastmoney,2026-07-28
300941,bk0883,数字货币,akshare-eastmoney,2026-07-28
300945,bk0825,新零售,akshare-eastmoney,2026-07-28
300949,bk1022,职业教育,akshare-eastmoney,2026-07-28
300972,bk0825,新零售,akshare-eastmoney,2026-07-28
300987,bk0886,智慧政务,akshare-eastmoney,2026-07-28
300996,bk1176,财税数字化,akshare-eastmoney,2026-07-28
300999,bk1025,预制菜概念,akshare-eastmoney,2026-07-28
301015,bk0706,人脑工程,akshare-eastmoney,2026-07-28
301024,bk1022,职业教育,akshare-eastmoney,2026-07-28
301025,bk1172,AI语料,akshare-eastmoney,2026-07-28
301033,bk0706,人脑工程,akshare-eastmoney,2026-07-28
301041,bk1022,职业教育,akshare-eastmoney,2026-07-28
301052,bk1172,AI语料,akshare-eastmoney,2026-07-28
301066,bk0825,新零售,akshare-eastmoney,2026-07-28
301070,bk0886,智慧政务,akshare-eastmoney,2026-07-28
301085,bk0815,昨日涨停,akshare-eastmoney,2026-07-28
301085,bk1630,昨日首板,akshare-eastmoney,2026-07-28
301087,bk0706,人脑工程,akshare-eastmoney,2026-07-28
301091,bk0886,智慧政务,akshare-eastmoney,2026-07-28
301099,bk0706,人脑工程,akshare-eastmoney,2026-07-28
301116,bk1025,预制菜概念,akshare-eastmoney,2026-07-28
301117,bk0886,智慧政务,akshare-eastmoney,2026-07-28
301117,bk1047,数据安全,akshare-eastmoney,2026-07-28
301117,bk1054,DRG/DIP,akshare-eastmoney,2026-07-28
301121,bk0815,昨日涨停,akshare-eastmoney,2026-07-28
301121,bk1630,昨日首板,akshare-eastmoney,2026-07-28
301153,bk0883,数字货币,akshare-eastmoney,2026-07-28
301153,bk1176,财税数字化,akshare-eastmoney,2026-07-28
301159,bk1047,数据安全,akshare-eastmoney,2026-07-28
301159,bk1118,数据确权,akshare-eastmoney,2026-07-28
301169,bk0886,智慧政务,akshare-eastmoney,2026-07-28
301169,bk1118,数据确权,akshare-eastmoney,2026-07-28
301169,bk1176,财税数字化,akshare-eastmoney,2026-07-28
301171,bk1071,跨境支付,akshare-eastmoney,2026-07-28
301178,bk0886,智慧政务,akshare-eastmoney,2026-07-28
301178,bk1022,职业教育,akshare-eastmoney,2026-07-28
301178,bk1118,数据确权,akshare-eastmoney,2026-07-28
301178,bk1176,财税数字化,akshare-eastmoney,2026-07-28
301185,bk1047,数据安全,akshare-eastmoney,2026-07-28
301187,bk1186,首发经济,akshare-eastmoney,2026-07-28
301208,bk1071,跨境支付,akshare-eastmoney,2026-07-28
301218,bk0886,智慧政务,akshare-eastmoney,2026-07-28
301221,bk1176,财税数字化,akshare-eastmoney,2026-07-28
301231,bk0957,拼多多概念,akshare-eastmoney,2026-07-28
301231,bk1172,AI语料,akshare-eastmoney,2026-07-28
301234,bk0815,昨日涨停,akshare-eastmoney,2026-07-28
301234,bk1051,昨日连板_含一字,akshare-eastmoney,2026-07-28
301234,bk1674,近期新高,akshare-eastmoney,2026-07-28
301234,bk1675,历史新高,akshare-eastmoney,2026-07-28
301236,bk1071,跨境支付,akshare-eastmoney,2026-07-28
301236,bk1176,财税数字化,akshare-eastmoney,2026-07-28
301248,bk1110,Web3.0,akshare-eastmoney,2026-07-28
301262,bk1151,短剧互动游戏,akshare-eastmoney,2026-07-28
301270,bk1129,数字水印,akshare-eastmoney,2026-07-28
301293,bk0706,人脑工程,akshare-eastmoney,2026-07-28
301313,bk0886,智慧政务,akshare-eastmoney,2026-07-28
301313,bk1186,首发经济,akshare-eastmoney,2026-07-28
301316,bk1176,财税数字化,akshare-eastmoney,2026-07-28
301330,bk0706,人脑工程,akshare-eastmoney,2026-07-28
301330,bk1047,数据安全,akshare-eastmoney,2026-07-28
301330,bk1075,电子身份证,akshare-eastmoney,2026-07-28
301339,bk0875,ETC,akshare-eastmoney,2026-07-28
301363,bk0706,人脑工程,akshare-eastmoney,2026-07-28
301370,bk1147,SPD概念,akshare-eastmoney,2026-07-28
301378,bk0886,智慧政务,akshare-eastmoney,2026-07-28
301380,bk0886,智慧政务,akshare-eastmoney,2026-07-28
301380,bk1047,数据安全,akshare-eastmoney,2026-07-28
301382,bk1047,数据安全,akshare-eastmoney,2026-07-28
301396,bk0886,智慧政务,akshare-eastmoney,2026-07-28
301396,bk1176,财税数字化,akshare-eastmoney,2026-07-28
301408,bk1147,SPD概念,akshare-eastmoney,2026-07-28
301428,bk0875,ETC,akshare-eastmoney,2026-07-28
301428,bk0883,数字货币,akshare-eastmoney,2026-07-28
301428,bk1047,数据安全,akshare-eastmoney,2026-07-28
301526,bk0815,昨日涨停,akshare-eastmoney,2026-07-28
301526,bk1630,昨日首板,akshare-eastmoney,2026-07-28
301584,bk1147,SPD概念,akshare-eastmoney,2026-07-28
301595,bk0825,新零售,akshare-eastmoney,2026-07-28
301595,bk1186,首发经济,akshare-eastmoney,2026-07-28
600000,bk1071,跨境支付,akshare-eastmoney,2026-07-28
600006,bk1186,首发经济,akshare-eastmoney,2026-07-28
600015,bk1071,跨境支付,akshare-eastmoney,2026-07-28
600016,bk1071,跨境支付,akshare-eastmoney,2026-07-28
600035,bk0875,ETC,akshare-eastmoney,2026-07-28
600036,bk1071,跨境支付,akshare-eastmoney,2026-07-28
600050,bk1047,数据安全,akshare-eastmoney,2026-07-28
600059,bk0477,酿酒概念,akshare-eastmoney,2026-07-28
600059,bk0896,白酒,akshare-eastmoney,2026-07-28
600059,bk1073,啤酒概念,akshare-eastmoney,2026-07-28
600073,bk1025,预制菜概念,akshare-eastmoney,2026-07-28
600084,bk0477,酿酒概念,akshare-eastmoney,2026-07-28
600097,bk0967,水产概念,akshare-eastmoney,2026-07-28
600100,bk1172,AI语料,akshare-eastmoney,2026-07-28
600106,bk0875,ETC,akshare-eastmoney,2026-07-28
600108,bk1073,啤酒概念,akshare-eastmoney,2026-07-28
600127,bk0825,新零售,akshare-eastmoney,2026-07-28
600127,bk0892,乳业,akshare-eastmoney,2026-07-28
600127,bk1025,预制菜概念,akshare-eastmoney,2026-07-28
600132,bk0477,酿酒概念,akshare-eastmoney,2026-07-28
600132,bk1073,啤酒概念,akshare-eastmoney,2026-07-28
600153,bk0896,白酒,akshare-eastmoney,2026-07-28
600158,bk1022,职业教育,akshare-eastmoney,2026-07-28
600158,bk1186,首发经济,akshare-eastmoney,2026-07-28
600165,bk0815,昨日涨停,akshare-eastmoney,2026-07-28
600165,bk1630,昨日首板,akshare-eastmoney,2026-07-28
600176,bk0815,昨日涨停,akshare-eastmoney,2026-07-28
600176,bk1630,昨日首板,akshare-eastmoney,2026-07-28
600185,bk0825,新零售,akshare-eastmoney,2026-07-28
600186,bk0825,新零售,akshare-eastmoney,2026-07-28
600189,bk0896,白酒,akshare-eastmoney,2026-07-28
600197,bk0477,酿酒概念,akshare-eastmoney,2026-07-28
600197,bk0896,白酒,akshare-eastmoney,2026-07-28
600198,bk1047,数据安全,akshare-eastmoney,2026-07-28
600199,bk0477,酿酒概念,akshare-eastmoney,2026-07-28
600199,bk0896,白酒,akshare-eastmoney,2026-07-28
600208,bk1110,Web3.0,akshare-eastmoney,2026-07-28
600238,bk0477,酿酒概念,akshare-eastmoney,2026-07-28
600238,bk0896,白酒,akshare-eastmoney,2026-07-28
600257,bk0896,白酒,akshare-eastmoney,2026-07-28
600257,bk0967,水产概念,akshare-eastmoney,2026-07-28
600257,bk1025,预制菜概念,akshare-eastmoney,2026-07-28
600271,bk0875,ETC,akshare-eastmoney,2026-07-28
600271,bk0883,数字货币,akshare-eastmoney,2026-07-28
600271,bk1176,财税数字化,akshare-eastmoney,2026-07-28
600272,bk1147,SPD概念,akshare-eastmoney,2026-07-28
600272,bk1186,首发经济,akshare-eastmoney,2026-07-28
600280,bk0825,新零售,akshare-eastmoney,2026-07-28
600289,bk1047,数据安全,akshare-eastmoney,2026-07-28
600300,bk0892,乳业,akshare-eastmoney,2026-07-28
600308,bk1172,AI语料,akshare-eastmoney,2026-07-28
600327,bk0825,新零售,akshare-eastmoney,2026-07-28
600332,bk0896,白酒,akshare-eastmoney,2026-07-28
600335,bk0825,新零售,akshare-eastmoney,2026-07-28
600336,bk0825,新零售,akshare-eastmoney,2026-07-28
600365,bk0477,酿酒概念,akshare-eastmoney,2026-07-28
600365,bk0896,白酒,akshare-eastmoney,2026-07-28
600376,bk0815,昨日涨停,akshare-eastmoney,2026-07-28
600376,bk1630,昨日首板,akshare-eastmoney,2026-07-28
600381,bk0896,白酒,akshare-eastmoney,2026-07-28
600382,bk0896,白酒,akshare-eastmoney,2026-07-28
600398,bk0825,新零售,akshare-eastmoney,2026-07-28
600400,bk0825,新零售,akshare-eastmoney,2026-07-28
600410,bk0886,智慧政务,akshare-eastmoney,2026-07-28
600415,bk0933,退税商店,akshare-eastmoney,2026-07-28
600415,bk1071,跨境支付,akshare-eastmoney,2026-07-28
600419,bk0892,乳业,akshare-eastmoney,2026-07-28
600429,bk0892,乳业,akshare-eastmoney,2026-07-28
600438,bk0967,水产概念,akshare-eastmoney,2026-07-28
600439,bk0825,新零售,akshare-eastmoney,2026-07-28
600446,bk0883,数字货币,akshare-eastmoney,2026-07-28
600446,bk1047,数据安全,akshare-eastmoney,2026-07-28
600467,bk0896,白酒,akshare-eastmoney,2026-07-28
600467,bk0967,水产概念,akshare-eastmoney,2026-07-28
600467,bk1025,预制菜概念,akshare-eastmoney,2026-07-28
600476,bk0883,数字货币,akshare-eastmoney,2026-07-28
600476,bk1047,数据安全,akshare-eastmoney,2026-07-28
600488,bk0815,昨日涨停,akshare-eastmoney,2026-07-28
600488,bk1630,昨日首板,akshare-eastmoney,2026-07-28
600519,bk0477,酿酒概念,akshare-eastmoney,2026-07-28
600519,bk0896,白酒,akshare-eastmoney,2026-07-28
600536,bk1047,数据安全,akshare-eastmoney,2026-07-28
600536,bk1075,电子身份证,akshare-eastmoney,2026-07-28
600536,bk1176,财税数字化,akshare-eastmoney,2026-07-28
600543,bk0477,酿酒概念,akshare-eastmoney,2026-07-28
600556,bk1022,职业教育,akshare-eastmoney,2026-07-28
600556,bk1110,Web3.0,akshare-eastmoney,2026-07-28
600556,bk1186,首发经济,akshare-eastmoney,2026-07-28
600559,bk0477,酿酒概念,akshare-eastmoney,2026-07-28
600559,bk0896,白酒,akshare-eastmoney,2026-07-28
600570,bk0883,数字货币,akshare-eastmoney,2026-07-28
600571,bk0883,数字货币,akshare-eastmoney,2026-07-28
600571,bk1047,数据安全,akshare-eastmoney,2026-07-28
600571,bk1071,跨境支付,akshare-eastmoney,2026-07-28
600571,bk1129,数字水印,akshare-eastmoney,2026-07-28
600573,bk0477,酿酒概念,akshare-eastmoney,2026-07-28
600573,bk1073,啤酒概念,akshare-eastmoney,2026-07-28
600587,bk0706,人脑工程,akshare-eastmoney,2026-07-28
600588,bk1176,财税数字化,akshare-eastmoney,2026-07-28
600594,bk0815,昨日涨停,akshare-eastmoney,2026-07-28
600597,bk0825,新零售,akshare-eastmoney,2026-07-28
600597,bk0892,乳业,akshare-eastmoney,2026-07-28
600600,bk0477,酿酒概念,akshare-eastmoney,2026-07-28
600600,bk0825,新零售,akshare-eastmoney,2026-07-28
600600,bk1073,啤酒概念,akshare-eastmoney,2026-07-28
600602,bk0886,智慧政务,akshare-eastmoney,2026-07-28
600606,bk0883,数字货币,akshare-eastmoney,2026-07-28
600606,bk0896,白酒,akshare-eastmoney,2026-07-28
600616,bk0477,酿酒概念,akshare-eastmoney,2026-07-28
600617,bk0815,昨日涨停,akshare-eastmoney,2026-07-28
600617,bk1051,昨日连板_含一字,akshare-eastmoney,2026-07-28
600628,bk0825,新零售,akshare-eastmoney,2026-07-28
600628,bk0933,退税商店,akshare-eastmoney,2026-07-28
600630,bk0825,新零售,akshare-eastmoney,2026-07-28
600633,bk1118,数据确权,akshare-eastmoney,2026-07-28
600637,bk1151,短剧互动游戏,akshare-eastmoney,2026-07-28
600655,bk0825,新零售,akshare-eastmoney,2026-07-28
600655,bk0896,白酒,akshare-eastmoney,2026-07-28
600655,bk0933,退税商店,akshare-eastmoney,2026-07-28
600661,bk1022,职业教育,akshare-eastmoney,2026-07-28
600662,bk0886,智慧政务,akshare-eastmoney,2026-07-28
600662,bk1022,职业教育,akshare-eastmoney,2026-07-28
600662,bk1176,财税数字化,akshare-eastmoney,2026-07-28
600667,bk0815,昨日涨停,akshare-eastmoney,2026-07-28
600667,bk1630,昨日首板,akshare-eastmoney,2026-07-28
600679,bk1186,首发经济,akshare-eastmoney,2026-07-28
600683,bk0815,昨日涨停,akshare-eastmoney,2026-07-28
600683,bk1630,昨日首板,akshare-eastmoney,2026-07-28
600697,bk0825,新零售,akshare-eastmoney,2026-07-28
600702,bk0477,酿酒概念,akshare-eastmoney,2026-07-28
600702,bk0825,新零售,akshare-eastmoney,2026-07-28
600702,bk0896,白酒,akshare-eastmoney,2026-07-28
600706,bk1022,职业教育,akshare-eastmoney,2026-07-28
600712,bk0825,新零售,akshare-eastmoney,2026-07-28
600712,bk0933,退税商店,akshare-eastmoney,2026-07-28
600718,bk0886,智慧政务,akshare-eastmoney,2026-07-28
600718,bk1054,DRG/DIP,akshare-eastmoney,2026-07-28
600728,bk1047,数据安全,akshare-eastmoney,2026-07-28
600728,bk1110,Web3.0,akshare-eastmoney,2026-07-28
600730,bk0815,昨日涨停,akshare-eastmoney,2026-07-28
600730,bk1022,职业教育,akshare-eastmoney,2026-07-28
600730,bk1630,昨日首板,akshare-eastmoney,2026-07-28
600738,bk0825,新零售,akshare-eastmoney,2026-07-28
600750,bk0896,白酒,akshare-eastmoney,2026-07-28
600756,bk0886,智慧政务,akshare-eastmoney,2026-07-28
600756,bk1176,财税数字化,akshare-eastmoney,2026-07-28
600771,bk0825,新零售,akshare-eastmoney,2026-07-28
600771,bk0896,白酒,akshare-eastmoney,2026-07-28
600774,bk0825,新零售,akshare-eastmoney,2026-07-28
600775,bk0706,人脑工程,akshare-eastmoney,2026-07-28
600775,bk0815,昨日涨停,akshare-eastmoney,2026-07-28
600775,bk1630,昨日首板,akshare-eastmoney,2026-07-28
600778,bk0825,新零售,akshare-eastmoney,2026-07-28
600778,bk1186,首发经济,akshare-eastmoney,2026-07-28
600779,bk0477,酿酒概念,akshare-eastmoney,2026-07-28
600779,bk0896,白酒,akshare-eastmoney,2026-07-28
600785,bk0825,新零售,akshare-eastmoney,2026-07-28
600794,bk0883,数字货币,akshare-eastmoney,2026-07-28
600797,bk0886,智慧政务,akshare-eastmoney,2026-07-28
600797,bk1047,数据安全,akshare-eastmoney,2026-07-28
600809,bk0477,酿酒概念,akshare-eastmoney,2026-07-28
600809,bk0896,白酒,akshare-eastmoney,2026-07-28
600814,bk0825,新零售,akshare-eastmoney,2026-07-28
600814,bk0933,退税商店,akshare-eastmoney,2026-07-28
600824,bk0825,新零售,akshare-eastmoney,2026-07-28
600824,bk1186,首发经济,akshare-eastmoney,2026-07-28
600825,bk1172,AI语料,akshare-eastmoney,2026-07-28
600826,bk1186,首发经济,akshare-eastmoney,2026-07-28
600827,bk0825,新零售,akshare-eastmoney,2026-07-28
600827,bk0933,退税商店,akshare-eastmoney,2026-07-28
600827,bk1186,首发经济,akshare-eastmoney,2026-07-28
600828,bk0933,退税商店,akshare-eastmoney,2026-07-28
600829,bk0815,昨日涨停,akshare-eastmoney,2026-07-28
600829,bk1630,昨日首板,akshare-eastmoney,2026-07-28
600831,bk1151,短剧互动游戏,akshare-eastmoney,2026-07-28
600838,bk0825,新零售,akshare-eastmoney,2026-07-28
600839,bk1071,跨境支付,akshare-eastmoney,2026-07-28
600847,bk0815,昨日涨停,akshare-eastmoney,2026-07-28
600847,bk1630,昨日首板,akshare-eastmoney,2026-07-28
600850,bk1071,跨境支付,akshare-eastmoney,2026-07-28
600858,bk0825,新零售,akshare-eastmoney,2026-07-28
600859,bk0825,新零售,akshare-eastmoney,2026-07-28
600865,bk0933,退税商店,akshare-eastmoney,2026-07-28
600868,bk1022,职业教育,akshare-eastmoney,2026-07-28
600880,bk1118,数据确权,akshare-eastmoney,2026-07-28
600880,bk1151,短剧互动游戏,akshare-eastmoney,2026-07-28
600880,bk1186,首发经济,akshare-eastmoney,2026-07-28
600882,bk0825,新零售,akshare-eastmoney,2026-07-28
600882,bk0892,乳业,akshare-eastmoney,2026-07-28
600883,bk1025,预制菜概念,akshare-eastmoney,2026-07-28
600887,bk0825,新零售,akshare-eastmoney,2026-07-28
600887,bk0892,乳业,akshare-eastmoney,2026-07-28
600959,bk0886,智慧政务,akshare-eastmoney,2026-07-28
600959,bk1151,短剧互动游戏,akshare-eastmoney,2026-07-28
600962,bk0815,昨日涨停,akshare-eastmoney,2026-07-28
600965,bk0892,乳业,akshare-eastmoney,2026-07-28
600965,bk1025,预制菜概念,akshare-eastmoney,2026-07-28
600977,bk1151,短剧互动游戏,akshare-eastmoney,2026-07-28
600983,bk0825,新零售,akshare-eastmoney,2026-07-28
600986,bk1110,Web3.0,akshare-eastmoney,2026-07-28
600986,bk1151,短剧互动游戏,akshare-eastmoney,2026-07-28
600996,bk0896,白酒,akshare-eastmoney,2026-07-28
601007,bk1025,预制菜概念,akshare-eastmoney,2026-07-28
601086,bk0825,新零售,akshare-eastmoney,2026-07-28
601116,bk0825,新零售,akshare-eastmoney,2026-07-28
601116,bk1025,预制菜概念,akshare-eastmoney,2026-07-28
601166,bk1071,跨境支付,akshare-eastmoney,2026-07-28
601218,bk0815,昨日涨停,akshare-eastmoney,2026-07-28
601218,bk1630,昨日首板,akshare-eastmoney,2026-07-28
601288,bk1071,跨境支付,akshare-eastmoney,2026-07-28
601328,bk1071,跨境支付,akshare-eastmoney,2026-07-28
601360,bk1047,数据安全,akshare-eastmoney,2026-07-28
601366,bk0825,新零售,akshare-eastmoney,2026-07-28
601366,bk1025,预制菜概念,akshare-eastmoney,2026-07-28
601398,bk1071,跨境支付,akshare-eastmoney,2026-07-28
601528,bk0883,数字货币,akshare-eastmoney,2026-07-28
601566,bk0825,新零售,akshare-eastmoney,2026-07-28
601579,bk0477,酿酒概念,akshare-eastmoney,2026-07-28
601579,bk0896,白酒,akshare-eastmoney,2026-07-28
601595,bk1172,AI语料,akshare-eastmoney,2026-07-28
601606,bk0815,昨日涨停,akshare-eastmoney,2026-07-28
601606,bk1051,昨日连板_含一字,akshare-eastmoney,2026-07-28
601607,bk1147,SPD概念,akshare-eastmoney,2026-07-28
601789,bk0815,昨日涨停,akshare-eastmoney,2026-07-28
601789,bk1630,昨日首板,akshare-eastmoney,2026-07-28
601801,bk0825,新零售,akshare-eastmoney,2026-07-28
601801,bk0875,ETC,akshare-eastmoney,2026-07-28
601828,bk0825,新零售,akshare-eastmoney,2026-07-28
601933,bk0825,新零售,akshare-eastmoney,2026-07-28
601933,bk1025,预制菜概念,akshare-eastmoney,2026-07-28
601939,bk1071,跨境支付,akshare-eastmoney,2026-07-28
601949,bk1172,AI语料,akshare-eastmoney,2026-07-28
601956,bk1022,职业教育,akshare-eastmoney,2026-07-28
601988,bk1071,跨境支付,akshare-eastmoney,2026-07-28
603000,bk0886,智慧政务,akshare-eastmoney,2026-07-28
603000,bk1118,数据确权,akshare-eastmoney,2026-07-28
603000,bk1172,AI语料,akshare-eastmoney,2026-07-28
603001,bk0825,新零售,akshare-eastmoney,2026-07-28
603008,bk0706,人脑工程,akshare-eastmoney,2026-07-28
603008,bk0825,新零售,akshare-eastmoney,2026-07-28
603031,bk0825,新零售,akshare-eastmoney,2026-07-28
603043,bk1025,预制菜概念,akshare-eastmoney,2026-07-28
603057,bk1025,预制菜概念,akshare-eastmoney,2026-07-28
603068,bk0875,ETC,akshare-eastmoney,2026-07-28
603076,bk1073,啤酒概念,akshare-eastmoney,2026-07-28
603081,bk1186,首发经济,akshare-eastmoney,2026-07-28
603082,bk0815,昨日涨停,akshare-eastmoney,2026-07-28
603097,bk0815,昨日涨停,akshare-eastmoney,2026-07-28
603097,bk1630,昨日首板,akshare-eastmoney,2026-07-28
603101,bk0825,新零售,akshare-eastmoney,2026-07-28
603103,bk1151,短剧互动游戏,akshare-eastmoney,2026-07-28
603106,bk1047,数据安全,akshare-eastmoney,2026-07-28
603108,bk1147,SPD概念,akshare-eastmoney,2026-07-28
603110,bk0815,昨日涨停,akshare-eastmoney,2026-07-28
603110,bk1630,昨日首板,akshare-eastmoney,2026-07-28
603115,bk0815,昨日涨停,akshare-eastmoney,2026-07-28
603115,bk1630,昨日首板,akshare-eastmoney,2026-07-28
603116,bk0825,新零售,akshare-eastmoney,2026-07-28
603122,bk1147,SPD概念,akshare-eastmoney,2026-07-28
603123,bk0825,新零售,akshare-eastmoney,2026-07-28
603123,bk0883,数字货币,akshare-eastmoney,2026-07-28
603123,bk0933,退税商店,akshare-eastmoney,2026-07-28
603123,bk1071,跨境支付,akshare-eastmoney,2026-07-28
603129,bk1674,近期新高,akshare-eastmoney,2026-07-28
603171,bk1176,财税数字化,akshare-eastmoney,2026-07-28
603189,bk0886,智慧政务,akshare-eastmoney,2026-07-28
603189,bk1110,Web3.0,akshare-eastmoney,2026-07-28
603193,bk0825,新零售,akshare-eastmoney,2026-07-28
603198,bk0477,酿酒概念,akshare-eastmoney,2026-07-28
603198,bk0896,白酒,akshare-eastmoney,2026-07-28
603206,bk0886,智慧政务,akshare-eastmoney,2026-07-28
603206,bk1022,职业教育,akshare-eastmoney,2026-07-28
603214,bk0825,新零售,akshare-eastmoney,2026-07-28
603221,bk0957,拼多多概念,akshare-eastmoney,2026-07-28
603221,bk1051,昨日连板_含一字,akshare-eastmoney,2026-07-28
603221,bk1674,近期新高,akshare-eastmoney,2026-07-28
603228,bk0815,昨日涨停,akshare-eastmoney,2026-07-28
603228,bk1630,昨日首板,akshare-eastmoney,2026-07-28
603232,bk0886,智慧政务,akshare-eastmoney,2026-07-28
603232,bk1047,数据安全,akshare-eastmoney,2026-07-28
603232,bk1075,电子身份证,akshare-eastmoney,2026-07-28
603232,bk1110,Web3.0,akshare-eastmoney,2026-07-28
603237,bk1025,预制菜概念,akshare-eastmoney,2026-07-28
603256,bk0815,昨日涨停,akshare-eastmoney,2026-07-28
603256,bk1630,昨日首板,akshare-eastmoney,2026-07-28
603299,bk0896,白酒,akshare-eastmoney,2026-07-28
603300,bk0883,数字货币,akshare-eastmoney,2026-07-28
603315,bk0815,昨日涨停,akshare-eastmoney,2026-07-28
603315,bk1630,昨日首板,akshare-eastmoney,2026-07-28
603330,bk0815,昨日涨停,akshare-eastmoney,2026-07-28
603330,bk1630,昨日首板,akshare-eastmoney,2026-07-28
603336,bk0825,新零售,akshare-eastmoney,2026-07-28
603345,bk1025,预制菜概念,akshare-eastmoney,2026-07-28
603358,bk0815,昨日涨停,akshare-eastmoney,2026-07-28
603358,bk1630,昨日首板,akshare-eastmoney,2026-07-28
603369,bk0477,酿酒概念,akshare-eastmoney,2026-07-28
603369,bk0896,白酒,akshare-eastmoney,2026-07-28
603373,bk0886,智慧政务,akshare-eastmoney,2026-07-28
603377,bk1022,职业教育,akshare-eastmoney,2026-07-28
603378,bk0815,昨日涨停,akshare-eastmoney,2026-07-28
603383,bk1118,数据确权,akshare-eastmoney,2026-07-28
603389,bk0815,昨日涨停,akshare-eastmoney,2026-07-28
603389,bk1186,首发经济,akshare-eastmoney,2026-07-28
603389,bk1630,昨日首板,akshare-eastmoney,2026-07-28
603391,bk1186,首发经济,akshare-eastmoney,2026-07-28
603402,bk0815,昨日涨停,akshare-eastmoney,2026-07-28
603402,bk1630,昨日首板,akshare-eastmoney,2026-07-28
603435,bk0815,昨日涨停,akshare-eastmoney,2026-07-28
603435,bk1630,昨日首板,akshare-eastmoney,2026-07-28
603458,bk0875,ETC,akshare-eastmoney,2026-07-28
603459,bk0815,昨日涨停,akshare-eastmoney,2026-07-28
603459,bk1630,昨日首板,akshare-eastmoney,2026-07-28
603466,bk1186,首发经济,akshare-eastmoney,2026-07-28
603496,bk1047,数据安全,akshare-eastmoney,2026-07-28
603507,bk0815,昨日涨停,akshare-eastmoney,2026-07-28
603507,bk1630,昨日首板,akshare-eastmoney,2026-07-28
603517,bk0825,新零售,akshare-eastmoney,2026-07-28
603517,bk1025,预制菜概念,akshare-eastmoney,2026-07-28
603528,bk1022,职业教育,akshare-eastmoney,2026-07-28
603533,bk1151,短剧互动游戏,akshare-eastmoney,2026-07-28
603533,bk1172,AI语料,akshare-eastmoney,2026-07-28
603535,bk0957,拼多多概念,akshare-eastmoney,2026-07-28
603536,bk0825,新零售,akshare-eastmoney,2026-07-28
603536,bk1025,预制菜概念,akshare-eastmoney,2026-07-28
603557,bk0825,新零售,akshare-eastmoney,2026-07-28
603567,bk0815,昨日涨停,akshare-eastmoney,2026-07-28
603579,bk0706,人脑工程,akshare-eastmoney,2026-07-28
603587,bk1186,首发经济,akshare-eastmoney,2026-07-28
603589,bk0477,酿酒概念,akshare-eastmoney,2026-07-28
603589,bk0896,白酒,akshare-eastmoney,2026-07-28
603598,bk0957,拼多多概念,akshare-eastmoney,2026-07-28
603607,bk0815,昨日涨停,akshare-eastmoney,2026-07-28
603607,bk1630,昨日首板,akshare-eastmoney,2026-07-28
603608,bk0815,昨日涨停,akshare-eastmoney,2026-07-28
603608,bk0825,新零售,akshare-eastmoney,2026-07-28
603608,bk1630,昨日首板,akshare-eastmoney,2026-07-28
603609,bk0967,水产概念,akshare-eastmoney,2026-07-28
603610,bk0706,人脑工程,akshare-eastmoney,2026-07-28
603610,bk0815,昨日涨停,akshare-eastmoney,2026-07-28
603610,bk1630,昨日首板,akshare-eastmoney,2026-07-28
603630,bk0815,昨日涨停,akshare-eastmoney,2026-07-28
603630,bk0825,新零售,akshare-eastmoney,2026-07-28
603630,bk1630,昨日首板,akshare-eastmoney,2026-07-28
603636,bk0886,智慧政务,akshare-eastmoney,2026-07-28
603636,bk0982,电子车牌,akshare-eastmoney,2026-07-28
603636,bk1047,数据安全,akshare-eastmoney,2026-07-28
603636,bk1075,电子身份证,akshare-eastmoney,2026-07-28
603636,bk1118,数据确权,akshare-eastmoney,2026-07-28
603657,bk0815,昨日涨停,akshare-eastmoney,2026-07-28
603657,bk1630,昨日首板,akshare-eastmoney,2026-07-28
603660,bk0815,昨日涨停,akshare-eastmoney,2026-07-28
603660,bk0982,电子车牌,akshare-eastmoney,2026-07-28
603660,bk1630,昨日首板,akshare-eastmoney,2026-07-28
603668,bk0825,新零售,akshare-eastmoney,2026-07-28
603668,bk0967,水产概念,akshare-eastmoney,2026-07-28
603668,bk1025,预制菜概念,akshare-eastmoney,2026-07-28
603687,bk1129,数字水印,akshare-eastmoney,2026-07-28
603690,bk0815,昨日涨停,akshare-eastmoney,2026-07-28
603690,bk1051,昨日连板_含一字,akshare-eastmoney,2026-07-28
603708,bk0825,新零售,akshare-eastmoney,2026-07-28
603716,bk0706,人脑工程,akshare-eastmoney,2026-07-28
603716,bk0815,昨日涨停,akshare-eastmoney,2026-07-28
603716,bk1054,DRG/DIP,akshare-eastmoney,2026-07-28
603716,bk1147,SPD概念,akshare-eastmoney,2026-07-28
603716,bk1630,昨日首板,akshare-eastmoney,2026-07-28
603719,bk0825,新零售,akshare-eastmoney,2026-07-28
603721,bk1022,职业教育,akshare-eastmoney,2026-07-28
603721,bk1118,数据确权,akshare-eastmoney,2026-07-28
603721,bk1151,短剧互动游戏,akshare-eastmoney,2026-07-28
603721,bk1172,AI语料,akshare-eastmoney,2026-07-28
603739,bk0967,水产概念,akshare-eastmoney,2026-07-28
603777,bk0825,新零售,akshare-eastmoney,2026-07-28
603777,bk0896,白酒,akshare-eastmoney,2026-07-28
603779,bk0477,酿酒概念,akshare-eastmoney,2026-07-28
603790,bk0815,昨日涨停,akshare-eastmoney,2026-07-28
603790,bk1630,昨日首板,akshare-eastmoney,2026-07-28
603803,bk1047,数据安全,akshare-eastmoney,2026-07-28
603825,bk0825,新零售,akshare-eastmoney,2026-07-28
603825,bk0883,数字货币,akshare-eastmoney,2026-07-28
603825,bk1110,Web3.0,akshare-eastmoney,2026-07-28
603836,bk0957,拼多多概念,akshare-eastmoney,2026-07-28
603869,bk0875,ETC,akshare-eastmoney,2026-07-28
603877,bk0825,新零售,akshare-eastmoney,2026-07-28
603888,bk1172,AI语料,akshare-eastmoney,2026-07-28
603900,bk0825,新零售,akshare-eastmoney,2026-07-28
603906,bk0815,昨日涨停,akshare-eastmoney,2026-07-28
603906,bk1630,昨日首板,akshare-eastmoney,2026-07-28
603918,bk0886,智慧政务,akshare-eastmoney,2026-07-28
603918,bk1110,Web3.0,akshare-eastmoney,2026-07-28
603918,bk1118,数据确权,akshare-eastmoney,2026-07-28
603919,bk0477,酿酒概念,akshare-eastmoney,2026-07-28
603919,bk0896,白酒,akshare-eastmoney,2026-07-28
603927,bk0883,数字货币,akshare-eastmoney,2026-07-28
603927,bk1071,跨境支付,akshare-eastmoney,2026-07-28
603931,bk0815,昨日涨停,akshare-eastmoney,2026-07-28
603931,bk1630,昨日首板,akshare-eastmoney,2026-07-28
603933,bk0875,ETC,akshare-eastmoney,2026-07-28
603955,bk0815,昨日涨停,akshare-eastmoney,2026-07-28
603955,bk1630,昨日首板,akshare-eastmoney,2026-07-28
603983,bk1674,近期新高,akshare-eastmoney,2026-07-28
603988,bk0815,昨日涨停,akshare-eastmoney,2026-07-28
603989,bk0815,昨日涨停,akshare-eastmoney,2026-07-28
603989,bk1630,昨日首板,akshare-eastmoney,2026-07-28
605006,bk0815,昨日涨停,akshare-eastmoney,2026-07-28
605006,bk1630,昨日首板,akshare-eastmoney,2026-07-28
605068,bk0815,昨日涨停,akshare-eastmoney,2026-07-28
605068,bk1630,昨日首板,akshare-eastmoney,2026-07-28
605089,bk1025,预制菜概念,akshare-eastmoney,2026-07-28
605098,bk1022,职业教育,akshare-eastmoney,2026-07-28
605108,bk0815,昨日涨停,akshare-eastmoney,2026-07-28
605108,bk1025,预制菜概念,akshare-eastmoney,2026-07-28
605108,bk1630,昨日首板,akshare-eastmoney,2026-07-28
605128,bk0815,昨日涨停,akshare-eastmoney,2026-07-28
605128,bk1630,昨日首板,akshare-eastmoney,2026-07-28
605136,bk0825,新零售,akshare-eastmoney,2026-07-28
605136,bk1025,预制菜概念,akshare-eastmoney,2026-07-28
605168,bk1110,Web3.0,akshare-eastmoney,2026-07-28
605179,bk0825,新零售,akshare-eastmoney,2026-07-28
605179,bk0892,乳业,akshare-eastmoney,2026-07-28
605188,bk0825,新零售,akshare-eastmoney,2026-07-28
605337,bk0892,乳业,akshare-eastmoney,2026-07-28
605339,bk0892,乳业,akshare-eastmoney,2026-07-28
605376,bk0815,昨日涨停,akshare-eastmoney,2026-07-28
605376,bk1630,昨日首板,akshare-eastmoney,2026-07-28
605388,bk0892,乳业,akshare-eastmoney,2026-07-28
605499,bk0825,新零售,akshare-eastmoney,2026-07-28
605567,bk0825,新零售,akshare-eastmoney,2026-07-28
605567,bk1025,预制菜概念,akshare-eastmoney,2026-07-28
688004,bk1022,职业教育,akshare-eastmoney,2026-07-28
688004,bk1047,数据安全,akshare-eastmoney,2026-07-28
688008,bk1047,数据安全,akshare-eastmoney,2026-07-28
688023,bk1047,数据安全,akshare-eastmoney,2026-07-28
688030,bk1047,数据安全,akshare-eastmoney,2026-07-28
688031,bk1047,数据安全,akshare-eastmoney,2026-07-28
688038,bk0886,智慧政务,akshare-eastmoney,2026-07-28
688038,bk1047,数据安全,akshare-eastmoney,2026-07-28
688039,bk1110,Web3.0,akshare-eastmoney,2026-07-28
688051,bk1118,数据确权,akshare-eastmoney,2026-07-28
688089,bk0892,乳业,akshare-eastmoney,2026-07-28
688118,bk1047,数据安全,akshare-eastmoney,2026-07-28
688152,bk1047,数据安全,akshare-eastmoney,2026-07-28
688158,bk0706,人脑工程,akshare-eastmoney,2026-07-28
688168,bk1047,数据安全,akshare-eastmoney,2026-07-28
688171,bk0815,昨日涨停,akshare-eastmoney,2026-07-28
688171,bk1047,数据安全,akshare-eastmoney,2026-07-28
688171,bk1630,昨日首板,akshare-eastmoney,2026-07-28
688201,bk0883,数字货币,akshare-eastmoney,2026-07-28
688201,bk1047,数据安全,akshare-eastmoney,2026-07-28
688201,bk1071,跨境支付,akshare-eastmoney,2026-07-28
688201,bk1075,电子身份证,akshare-eastmoney,2026-07-28
688207,bk0886,智慧政务,akshare-eastmoney,2026-07-28
688209,bk0706,人脑工程,akshare-eastmoney,2026-07-28
688225,bk1047,数据安全,akshare-eastmoney,2026-07-28
688225,bk1129,数字水印,akshare-eastmoney,2026-07-28
688228,bk0886,智慧政务,akshare-eastmoney,2026-07-28
688228,bk1176,财税数字化,akshare-eastmoney,2026-07-28
688232,bk0886,智慧政务,akshare-eastmoney,2026-07-28
688237,bk1674,近期新高,akshare-eastmoney,2026-07-28
688244,bk1022,职业教育,akshare-eastmoney,2026-07-28
688244,bk1047,数据安全,akshare-eastmoney,2026-07-28
688246,bk1054,DRG/DIP,akshare-eastmoney,2026-07-28
688261,bk0706,人脑工程,akshare-eastmoney,2026-07-28
688262,bk0883,数字货币,akshare-eastmoney,2026-07-28
688262,bk1075,电子身份证,akshare-eastmoney,2026-07-28
688273,bk0706,人脑工程,akshare-eastmoney,2026-07-28
688292,bk1047,数据安全,akshare-eastmoney,2026-07-28
688327,bk0886,智慧政务,akshare-eastmoney,2026-07-28
688343,bk0886,智慧政务,akshare-eastmoney,2026-07-28
688343,bk1186,首发经济,akshare-eastmoney,2026-07-28
688360,bk0957,拼多多概念,akshare-eastmoney,2026-07-28
688365,bk0825,新零售,akshare-eastmoney,2026-07-28
688365,bk0957,拼多多概念,akshare-eastmoney,2026-07-28
688365,bk1176,财税数字化,akshare-eastmoney,2026-07-28
688369,bk0886,智慧政务,akshare-eastmoney,2026-07-28
688369,bk1176,财税数字化,akshare-eastmoney,2026-07-28
688435,bk1047,数据安全,akshare-eastmoney,2026-07-28
688489,bk0883,数字货币,akshare-eastmoney,2026-07-28
688489,bk0886,智慧政务,akshare-eastmoney,2026-07-28
688489,bk1047,数据安全,akshare-eastmoney,2026-07-28
688489,bk1071,跨境支付,akshare-eastmoney,2026-07-28
688489,bk1075,电子身份证,akshare-eastmoney,2026-07-28
688489,bk1110,Web3.0,akshare-eastmoney,2026-07-28
688489,bk1118,数据确权,akshare-eastmoney,2026-07-28
688496,bk0815,昨日涨停,akshare-eastmoney,2026-07-28
688496,bk1630,昨日首板,akshare-eastmoney,2026-07-28
688500,bk0886,智慧政务,akshare-eastmoney,2026-07-28
688500,bk1172,AI语料,akshare-eastmoney,2026-07-28
688521,bk0883,数字货币,akshare-eastmoney,2026-07-28
688561,bk0883,数字货币,akshare-eastmoney,2026-07-28
688561,bk1047,数据安全,akshare-eastmoney,2026-07-28
688579,bk0886,智慧政务,akshare-eastmoney,2026-07-28
688579,bk1054,DRG/DIP,akshare-eastmoney,2026-07-28
688579,bk1118,数据确权,akshare-eastmoney,2026-07-28
688580,bk0706,人脑工程,akshare-eastmoney,2026-07-28
688590,bk0883,数字货币,akshare-eastmoney,2026-07-28
688590,bk1071,跨境支付,akshare-eastmoney,2026-07-28
688590,bk1110,Web3.0,akshare-eastmoney,2026-07-28
688590,bk1118,数据确权,akshare-eastmoney,2026-07-28
688626,bk0706,人脑工程,akshare-eastmoney,2026-07-28
688651,bk1047,数据安全,akshare-eastmoney,2026-07-28
688651,bk1075,电子身份证,akshare-eastmoney,2026-07-28
688709,bk0706,人脑工程,akshare-eastmoney,2026-07-28
688767,bk0706,人脑工程,akshare-eastmoney,2026-07-28
688787,bk1172,AI语料,akshare-eastmoney,2026-07-28
688790,bk0957,拼多多概念,akshare-eastmoney,2026-07-28
688793,bk0706,人脑工程,akshare-eastmoney,2026-07-28
920090,bk1022,职业教育,akshare-eastmoney,2026-07-28
920092,bk0886,智慧政务,akshare-eastmoney,2026-07-28
920092,bk1176,财税数字化,akshare-eastmoney,2026-07-28
920171,bk0886,智慧政务,akshare-eastmoney,2026-07-28
920207,bk0886,智慧政务,akshare-eastmoney,2026-07-28
920227,bk0957,拼多多概念,akshare-eastmoney,2026-07-28
920262,bk0825,新零售,akshare-eastmoney,2026-07-28
920262,bk1186,首发经济,akshare-eastmoney,2026-07-28
920273,bk1025,预制菜概念,akshare-eastmoney,2026-07-28
920476,bk1022,职业教育,akshare-eastmoney,2026-07-28
920476,bk1025,预制菜概念,akshare-eastmoney,2026-07-28
920592,bk0886,智慧政务,akshare-eastmoney,2026-07-28
920786,bk0892,乳业,akshare-eastmoney,2026-07-28
920799,bk0883,数字货币,akshare-eastmoney,2026-07-28
920799,bk1071,跨境支付,akshare-eastmoney,2026-07-28
920806,bk0875,ETC,akshare-eastmoney,2026-07-28
920826,bk1025,预制菜概念,akshare-eastmoney,2026-07-28
920953,bk1047,数据安全,akshare-eastmoney,2026-07-28
